id,level_selected,power_from,power_through,mastery_target,version_note,lapis_item,lapis_count,xp_levels,source,dispatcher_source
minecraft:aqua_affinity,1,1,15,1,Branche prévue dans la base 1.21.x,lapis_lazuli,3,2,"{""path"": ""data/attuned/function/enchanting/vanilla_apply/aqua_affinity_1.mcfunction"", ""line_start"": 1, ""line_end"": 13}","{""path"": ""data/attuned/function/enchanting/vanilla_apply/aqua_affinity.mcfunction"", ""line_start"": 1, ""line_end"": 4}"
minecraft:bane_of_arthropods,1,1,4,6,Branche prévue dans la base 1.21.x,lapis_lazuli,3,2,"{""path"": ""data/attuned/function/enchanting/vanilla_apply/bane_of_arthropods_1.mcfunction"", ""line_start"": 1, ""line_end"": 13}","{""path"": ""data/attuned/function/enchanting/vanilla_apply/bane_of_arthropods.mcfunction"", ""line_start"": 1, ""line_end"": 12}"
minecraft:bane_of_arthropods,2,5,8,6,Branche prévue dans la base 1.21.x,lapis_block,1,4,"{""path"": ""data/attuned/function/enchanting/vanilla_apply/bane_of_arthropods_2.mcfunction"", ""line_start"": 1, ""line_end"": 13}","{""path"": ""data/attuned/function/enchanting/vanilla_apply/bane_of_arthropods.mcfunction"", ""line_start"": 1, ""line_end"": 12}"
minecraft:bane_of_arthropods,3,9,11,6,Branche prévue dans la base 1.21.x,lapis_block,2,6,"{""path"": ""data/attuned/function/enchanting/vanilla_apply/bane_of_arthropods_3.mcfunction"", ""line_start"": 1, ""line_end"": 13}","{""path"": ""data/attuned/function/enchanting/vanilla_apply/bane_of_arthropods.mcfunction"", ""line_start"": 1, ""line_end"": 12}"
minecraft:bane_of_arthropods,4,12,14,6,Branche prévue dans la base 1.21.x,lapis_block,4,8,"{""path"": ""data/attuned/function/enchanting/vanilla_apply/bane_of_arthropods_4.mcfunction"", ""line_start"": 1, ""line_end"": 13}","{""path"": ""data/attuned/function/enchanting/vanilla_apply/bane_of_arthropods.mcfunction"", ""line_start"": 1, ""line_end"": 12}"
minecraft:bane_of_arthropods,5,15,15,6,Branche prévue dans la base 1.21.x,lapis_block,6,10,"{""path"": ""data/attuned/function/enchanting/vanilla_apply/bane_of_arthropods_5.mcfunction"", ""line_start"": 1, ""line_end"": 13}","{""path"": ""data/attuned/function/enchanting/vanilla_apply/bane_of_arthropods.mcfunction"", ""line_start"": 1, ""line_end"": 12}"
minecraft:binding_curse,1,1,15,1,Branche prévue dans la base 1.21.x,lapis_block,1,3,"{""path"": ""data/attuned/function/enchanting/vanilla_apply/binding_curse_1.mcfunction"", ""line_start"": 1, ""line_end"": 13}","{""path"": ""data/attuned/function/enchanting/vanilla_apply/binding_curse.mcfunction"", ""line_start"": 1, ""line_end"": 4}"
minecraft:blast_protection,1,1,5,5,Branche prévue dans la base 1.21.x,lapis_lazuli,3,2,"{""path"": ""data/attuned/function/enchanting/vanilla_apply/blast_protection_1.mcfunction"", ""line_start"": 1, ""line_end"": 13}","{""path"": ""data/attuned/function/enchanting/vanilla_apply/blast_protection.mcfunction"", ""line_start"": 1, ""line_end"": 10}"
minecraft:blast_protection,2,6,10,5,Branche prévue dans la base 1.21.x,lapis_block,1,4,"{""path"": ""data/attuned/function/enchanting/vanilla_apply/blast_protection_2.mcfunction"", ""line_start"": 1, ""line_end"": 13}","{""path"": ""data/attuned/function/enchanting/vanilla_apply/blast_protection.mcfunction"", ""line_start"": 1, ""line_end"": 10}"
minecraft:blast_protection,3,11,14,5,Branche prévue dans la base 1.21.x,lapis_block,2,6,"{""path"": ""data/attuned/function/enchanting/vanilla_apply/blast_protection_3.mcfunction"", ""line_start"": 1, ""line_end"": 13}","{""path"": ""data/attuned/function/enchanting/vanilla_apply/blast_protection.mcfunction"", ""line_start"": 1, ""line_end"": 10}"
minecraft:blast_protection,4,15,15,5,Branche prévue dans la base 1.21.x,lapis_block,4,8,"{""path"": ""data/attuned/function/enchanting/vanilla_apply/blast_protection_4.mcfunction"", ""line_start"": 1, ""line_end"": 13}","{""path"": ""data/attuned/function/enchanting/vanilla_apply/blast_protection.mcfunction"", ""line_start"": 1, ""line_end"": 10}"
minecraft:breach,1,1,5,5,Branche prévue dans la base 1.21.x,lapis_lazuli,3,2,"{""path"": ""data/attuned/function/enchanting/vanilla_apply/breach_1.mcfunction"", ""line_start"": 1, ""line_end"": 13}","{""path"": ""data/attuned/function/enchanting/vanilla_apply/breach.mcfunction"", ""line_start"": 1, ""line_end"": 10}"
minecraft:breach,2,6,10,5,Branche prévue dans la base 1.21.x,lapis_block,1,4,"{""path"": ""data/attuned/function/enchanting/vanilla_apply/breach_2.mcfunction"", ""line_start"": 1, ""line_end"": 13}","{""path"": ""data/attuned/function/enchanting/vanilla_apply/breach.mcfunction"", ""line_start"": 1, ""line_end"": 10}"
minecraft:breach,3,11,14,5,Branche prévue dans la base 1.21.x,lapis_block,2,6,"{""path"": ""data/attuned/function/enchanting/vanilla_apply/breach_3.mcfunction"", ""line_start"": 1, ""line_end"": 13}","{""path"": ""data/attuned/function/enchanting/vanilla_apply/breach.mcfunction"", ""line_start"": 1, ""line_end"": 10}"
minecraft:breach,4,15,15,5,Branche prévue dans la base 1.21.x,lapis_block,4,8,"{""path"": ""data/attuned/function/enchanting/vanilla_apply/breach_4.mcfunction"", ""line_start"": 1, ""line_end"": 13}","{""path"": ""data/attuned/function/enchanting/vanilla_apply/breach.mcfunction"", ""line_start"": 1, ""line_end"": 10}"
minecraft:channeling,1,1,15,1,Branche prévue dans la base 1.21.x,lapis_block,2,5,"{""path"": ""data/attuned/function/enchanting/vanilla_apply/channeling_1.mcfunction"", ""line_start"": 1, ""line_end"": 13}","{""path"": ""data/attuned/function/enchanting/vanilla_apply/channeling.mcfunction"", ""line_start"": 1, ""line_end"": 4}"
minecraft:density,1,1,4,6,Branche prévue dans la base 1.21.x,lapis_lazuli,3,2,"{""path"": ""data/attuned/function/enchanting/vanilla_apply/density_1.mcfunction"", ""line_start"": 1, ""line_end"": 13}","{""path"": ""data/attuned/function/enchanting/vanilla_apply/density.mcfunction"", ""line_start"": 1, ""line_end"": 12}"
minecraft:density,2,5,8,6,Branche prévue dans la base 1.21.x,lapis_block,1,4,"{""path"": ""data/attuned/function/enchanting/vanilla_apply/density_2.mcfunction"", ""line_start"": 1, ""line_end"": 13}","{""path"": ""data/attuned/function/enchanting/vanilla_apply/density.mcfunction"", ""line_start"": 1, ""line_end"": 12}"
minecraft:density,3,9,11,6,Branche prévue dans la base 1.21.x,lapis_block,2,6,"{""path"": ""data/attuned/function/enchanting/vanilla_apply/density_3.mcfunction"", ""line_start"": 1, ""line_end"": 13}","{""path"": ""data/attuned/function/enchanting/vanilla_apply/density.mcfunction"", ""line_start"": 1, ""line_end"": 12}"
minecraft:density,4,12,14,6,Branche prévue dans la base 1.21.x,lapis_block,4,8,"{""path"": ""data/attuned/function/enchanting/vanilla_apply/density_4.mcfunction"", ""line_start"": 1, ""line_end"": 13}","{""path"": ""data/attuned/function/enchanting/vanilla_apply/density.mcfunction"", ""line_start"": 1, ""line_end"": 12}"
minecraft:density,5,15,15,6,Branche prévue dans la base 1.21.x,lapis_block,6,10,"{""path"": ""data/attuned/function/enchanting/vanilla_apply/density_5.mcfunction"", ""line_start"": 1, ""line_end"": 13}","{""path"": ""data/attuned/function/enchanting/vanilla_apply/density.mcfunction"", ""line_start"": 1, ""line_end"": 12}"
minecraft:depth_strider,1,1,7,5,Branche prévue dans la base 1.21.x,lapis_lazuli,3,2,"{""path"": ""data/attuned/function/enchanting/vanilla_apply/depth_strider_1.mcfunction"", ""line_start"": 1, ""line_end"": 13}","{""path"": ""data/attuned/function/enchanting/vanilla_apply/depth_strider.mcfunction"", ""line_start"": 1, ""line_end"": 8}"
minecraft:depth_strider,2,8,14,5,Branche prévue dans la base 1.21.x,lapis_block,1,4,"{""path"": ""data/attuned/function/enchanting/vanilla_apply/depth_strider_2.mcfunction"", ""line_start"": 1, ""line_end"": 13}","{""path"": ""data/attuned/function/enchanting/vanilla_apply/depth_strider.mcfunction"", ""line_start"": 1, ""line_end"": 8}"
minecraft:depth_strider,3,15,15,5,Branche prévue dans la base 1.21.x,lapis_block,2,6,"{""path"": ""data/attuned/function/enchanting/vanilla_apply/depth_strider_3.mcfunction"", ""line_start"": 1, ""line_end"": 13}","{""path"": ""data/attuned/function/enchanting/vanilla_apply/depth_strider.mcfunction"", ""line_start"": 1, ""line_end"": 8}"
minecraft:efficiency,1,1,4,6,Branche prévue dans la base 1.21.x,lapis_lazuli,3,2,"{""path"": ""data/attuned/function/enchanting/vanilla_apply/efficiency_1.mcfunction"", ""line_start"": 1, ""line_end"": 13}","{""path"": ""data/attuned/function/enchanting/vanilla_apply/efficiency.mcfunction"", ""line_start"": 1, ""line_end"": 12}"
minecraft:efficiency,2,5,8,6,Branche prévue dans la base 1.21.x,lapis_block,1,4,"{""path"": ""data/attuned/function/enchanting/vanilla_apply/efficiency_2.mcfunction"", ""line_start"": 1, ""line_end"": 13}","{""path"": ""data/attuned/function/enchanting/vanilla_apply/efficiency.mcfunction"", ""line_start"": 1, ""line_end"": 12}"
minecraft:efficiency,3,9,11,6,Branche prévue dans la base 1.21.x,lapis_block,2,6,"{""path"": ""data/attuned/function/enchanting/vanilla_apply/efficiency_3.mcfunction"", ""line_start"": 1, ""line_end"": 13}","{""path"": ""data/attuned/function/enchanting/vanilla_apply/efficiency.mcfunction"", ""line_start"": 1, ""line_end"": 12}"
minecraft:efficiency,4,12,14,6,Branche prévue dans la base 1.21.x,lapis_block,4,8,"{""path"": ""data/attuned/function/enchanting/vanilla_apply/efficiency_4.mcfunction"", ""line_start"": 1, ""line_end"": 13}","{""path"": ""data/attuned/function/enchanting/vanilla_apply/efficiency.mcfunction"", ""line_start"": 1, ""line_end"": 12}"
minecraft:efficiency,5,15,15,6,Branche prévue dans la base 1.21.x,lapis_block,6,10,"{""path"": ""data/attuned/function/enchanting/vanilla_apply/efficiency_5.mcfunction"", ""line_start"": 1, ""line_end"": 13}","{""path"": ""data/attuned/function/enchanting/vanilla_apply/efficiency.mcfunction"", ""line_start"": 1, ""line_end"": 12}"
minecraft:feather_falling,1,1,5,5,Branche prévue dans la base 1.21.x,lapis_lazuli,3,2,"{""path"": ""data/attuned/function/enchanting/vanilla_apply/feather_falling_1.mcfunction"", ""line_start"": 1, ""line_end"": 13}","{""path"": ""data/attuned/function/enchanting/vanilla_apply/feather_falling.mcfunction"", ""line_start"": 1, ""line_end"": 10}"
minecraft:feather_falling,2,6,10,5,Branche prévue dans la base 1.21.x,lapis_block,1,4,"{""path"": ""data/attuned/function/enchanting/vanilla_apply/feather_falling_2.mcfunction"", ""line_start"": 1, ""line_end"": 13}","{""path"": ""data/attuned/function/enchanting/vanilla_apply/feather_falling.mcfunction"", ""line_start"": 1, ""line_end"": 10}"
minecraft:feather_falling,3,11,14,5,Branche prévue dans la base 1.21.x,lapis_block,2,6,"{""path"": ""data/attuned/function/enchanting/vanilla_apply/feather_falling_3.mcfunction"", ""line_start"": 1, ""line_end"": 13}","{""path"": ""data/attuned/function/enchanting/vanilla_apply/feather_falling.mcfunction"", ""line_start"": 1, ""line_end"": 10}"
minecraft:feather_falling,4,15,15,5,Branche prévue dans la base 1.21.x,lapis_block,4,8,"{""path"": ""data/attuned/function/enchanting/vanilla_apply/feather_falling_4.mcfunction"", ""line_start"": 1, ""line_end"": 13}","{""path"": ""data/attuned/function/enchanting/vanilla_apply/feather_falling.mcfunction"", ""line_start"": 1, ""line_end"": 10}"
minecraft:fire_aspect,1,1,14,3,Branche prévue dans la base 1.21.x,lapis_lazuli,3,2,"{""path"": ""data/attuned/function/enchanting/vanilla_apply/fire_aspect_1.mcfunction"", ""line_start"": 1, ""line_end"": 13}","{""path"": ""data/attuned/function/enchanting/vanilla_apply/fire_aspect.mcfunction"", ""line_start"": 1, ""line_end"": 6}"
minecraft:fire_aspect,2,15,15,3,Branche prévue dans la base 1.21.x,lapis_block,1,4,"{""path"": ""data/attuned/function/enchanting/vanilla_apply/fire_aspect_2.mcfunction"", ""line_start"": 1, ""line_end"": 13}","{""path"": ""data/attuned/function/enchanting/vanilla_apply/fire_aspect.mcfunction"", ""line_start"": 1, ""line_end"": 6}"
minecraft:fire_protection,1,1,5,5,Branche prévue dans la base 1.21.x,lapis_lazuli,3,2,"{""path"": ""data/attuned/function/enchanting/vanilla_apply/fire_protection_1.mcfunction"", ""line_start"": 1, ""line_end"": 13}","{""path"": ""data/attuned/function/enchanting/vanilla_apply/fire_protection.mcfunction"", ""line_start"": 1, ""line_end"": 10}"
minecraft:fire_protection,2,6,10,5,Branche prévue dans la base 1.21.x,lapis_block,1,4,"{""path"": ""data/attuned/function/enchanting/vanilla_apply/fire_protection_2.mcfunction"", ""line_start"": 1, ""line_end"": 13}","{""path"": ""data/attuned/function/enchanting/vanilla_apply/fire_protection.mcfunction"", ""line_start"": 1, ""line_end"": 10}"
minecraft:fire_protection,3,11,14,5,Branche prévue dans la base 1.21.x,lapis_block,2,6,"{""path"": ""data/attuned/function/enchanting/vanilla_apply/fire_protection_3.mcfunction"", ""line_start"": 1, ""line_end"": 13}","{""path"": ""data/attuned/function/enchanting/vanilla_apply/fire_protection.mcfunction"", ""line_start"": 1, ""line_end"": 10}"
minecraft:fire_protection,4,15,15,5,Branche prévue dans la base 1.21.x,lapis_block,4,8,"{""path"": ""data/attuned/function/enchanting/vanilla_apply/fire_protection_4.mcfunction"", ""line_start"": 1, ""line_end"": 13}","{""path"": ""data/attuned/function/enchanting/vanilla_apply/fire_protection.mcfunction"", ""line_start"": 1, ""line_end"": 10}"
minecraft:flame,1,1,15,1,Branche prévue dans la base 1.21.x,lapis_block,1,4,"{""path"": ""data/attuned/function/enchanting/vanilla_apply/flame_1.mcfunction"", ""line_start"": 1, ""line_end"": 13}","{""path"": ""data/attuned/function/enchanting/vanilla_apply/flame.mcfunction"", ""line_start"": 1, ""line_end"": 4}"
minecraft:fortune,1,1,7,5,Branche prévue dans la base 1.21.x,lapis_lazuli,3,2,"{""path"": ""data/attuned/function/enchanting/vanilla_apply/fortune_1.mcfunction"", ""line_start"": 1, ""line_end"": 13}","{""path"": ""data/attuned/function/enchanting/vanilla_apply/fortune.mcfunction"", ""line_start"": 1, ""line_end"": 8}"
minecraft:fortune,2,8,14,5,Branche prévue dans la base 1.21.x,lapis_block,1,4,"{""path"": ""data/attuned/function/enchanting/vanilla_apply/fortune_2.mcfunction"", ""line_start"": 1, ""line_end"": 13}","{""path"": ""data/attuned/function/enchanting/vanilla_apply/fortune.mcfunction"", ""line_start"": 1, ""line_end"": 8}"
minecraft:fortune,3,15,15,5,Branche prévue dans la base 1.21.x,lapis_block,2,6,"{""path"": ""data/attuned/function/enchanting/vanilla_apply/fortune_3.mcfunction"", ""line_start"": 1, ""line_end"": 13}","{""path"": ""data/attuned/function/enchanting/vanilla_apply/fortune.mcfunction"", ""line_start"": 1, ""line_end"": 8}"
minecraft:frost_walker,1,10,14,3,Branche prévue dans la base 1.21.x,lapis_lazuli,3,2,"{""path"": ""data/attuned/function/enchanting/vanilla_apply/frost_walker_1.mcfunction"", ""line_start"": 1, ""line_end"": 13}","{""path"": ""data/attuned/function/enchanting/vanilla_apply/frost_walker.mcfunction"", ""line_start"": 1, ""line_end"": 8}"
minecraft:frost_walker,2,15,15,3,Branche prévue dans la base 1.21.x,lapis_block,1,4,"{""path"": ""data/attuned/function/enchanting/vanilla_apply/frost_walker_2.mcfunction"", ""line_start"": 1, ""line_end"": 13}","{""path"": ""data/attuned/function/enchanting/vanilla_apply/frost_walker.mcfunction"", ""line_start"": 1, ""line_end"": 8}"
minecraft:impaling,1,1,4,6,Branche prévue dans la base 1.21.x,lapis_lazuli,3,2,"{""path"": ""data/attuned/function/enchanting/vanilla_apply/impaling_1.mcfunction"", ""line_start"": 1, ""line_end"": 13}","{""path"": ""data/attuned/function/enchanting/vanilla_apply/impaling.mcfunction"", ""line_start"": 1, ""line_end"": 12}"
minecraft:impaling,2,5,8,6,Branche prévue dans la base 1.21.x,lapis_block,1,4,"{""path"": ""data/attuned/function/enchanting/vanilla_apply/impaling_2.mcfunction"", ""line_start"": 1, ""line_end"": 13}","{""path"": ""data/attuned/function/enchanting/vanilla_apply/impaling.mcfunction"", ""line_start"": 1, ""line_end"": 12}"
minecraft:impaling,3,9,11,6,Branche prévue dans la base 1.21.x,lapis_block,2,6,"{""path"": ""data/attuned/function/enchanting/vanilla_apply/impaling_3.mcfunction"", ""line_start"": 1, ""line_end"": 13}","{""path"": ""data/attuned/function/enchanting/vanilla_apply/impaling.mcfunction"", ""line_start"": 1, ""line_end"": 12}"
minecraft:impaling,4,12,14,6,Branche prévue dans la base 1.21.x,lapis_block,4,8,"{""path"": ""data/attuned/function/enchanting/vanilla_apply/impaling_4.mcfunction"", ""line_start"": 1, ""line_end"": 13}","{""path"": ""data/attuned/function/enchanting/vanilla_apply/impaling.mcfunction"", ""line_start"": 1, ""line_end"": 12}"
minecraft:impaling,5,15,15,6,Branche prévue dans la base 1.21.x,lapis_block,6,10,"{""path"": ""data/attuned/function/enchanting/vanilla_apply/impaling_5.mcfunction"", ""line_start"": 1, ""line_end"": 13}","{""path"": ""data/attuned/function/enchanting/vanilla_apply/impaling.mcfunction"", ""line_start"": 1, ""line_end"": 12}"
minecraft:infinity,1,1,15,1,Branche prévue dans la base 1.21.x,lapis_block,2,5,"{""path"": ""data/attuned/function/enchanting/vanilla_apply/infinity_1.mcfunction"", ""line_start"": 1, ""line_end"": 13}","{""path"": ""data/attuned/function/enchanting/vanilla_apply/infinity.mcfunction"", ""line_start"": 1, ""line_end"": 4}"
minecraft:knockback,1,1,14,3,Branche prévue dans la base 1.21.x,lapis_lazuli,3,2,"{""path"": ""data/attuned/function/enchanting/vanilla_apply/knockback_1.mcfunction"", ""line_start"": 1, ""line_end"": 13}","{""path"": ""data/attuned/function/enchanting/vanilla_apply/knockback.mcfunction"", ""line_start"": 1, ""line_end"": 6}"
minecraft:knockback,2,15,15,3,Branche prévue dans la base 1.21.x,lapis_block,1,4,"{""path"": ""data/attuned/function/enchanting/vanilla_apply/knockback_2.mcfunction"", ""line_start"": 1, ""line_end"": 13}","{""path"": ""data/attuned/function/enchanting/vanilla_apply/knockback.mcfunction"", ""line_start"": 1, ""line_end"": 6}"
minecraft:looting,1,1,7,5,Branche prévue dans la base 1.21.x,lapis_lazuli,3,2,"{""path"": ""data/attuned/function/enchanting/vanilla_apply/looting_1.mcfunction"", ""line_start"": 1, ""line_end"": 13}","{""path"": ""data/attuned/function/enchanting/vanilla_apply/looting.mcfunction"", ""line_start"": 1, ""line_end"": 8}"
minecraft:looting,2,8,14,5,Branche prévue dans la base 1.21.x,lapis_block,1,4,"{""path"": ""data/attuned/function/enchanting/vanilla_apply/looting_2.mcfunction"", ""line_start"": 1, ""line_end"": 13}","{""path"": ""data/attuned/function/enchanting/vanilla_apply/looting.mcfunction"", ""line_start"": 1, ""line_end"": 8}"
minecraft:looting,3,15,15,5,Branche prévue dans la base 1.21.x,lapis_block,2,6,"{""path"": ""data/attuned/function/enchanting/vanilla_apply/looting_3.mcfunction"", ""line_start"": 1, ""line_end"": 13}","{""path"": ""data/attuned/function/enchanting/vanilla_apply/looting.mcfunction"", ""line_start"": 1, ""line_end"": 8}"
minecraft:loyalty,1,1,7,5,Branche prévue dans la base 1.21.x,lapis_lazuli,3,2,"{""path"": ""data/attuned/function/enchanting/vanilla_apply/loyalty_1.mcfunction"", ""line_start"": 1, ""line_end"": 13}","{""path"": ""data/attuned/function/enchanting/vanilla_apply/loyalty.mcfunction"", ""line_start"": 1, ""line_end"": 8}"
minecraft:loyalty,2,8,14,5,Branche prévue dans la base 1.21.x,lapis_block,1,4,"{""path"": ""data/attuned/function/enchanting/vanilla_apply/loyalty_2.mcfunction"", ""line_start"": 1, ""line_end"": 13}","{""path"": ""data/attuned/function/enchanting/vanilla_apply/loyalty.mcfunction"", ""line_start"": 1, ""line_end"": 8}"
minecraft:loyalty,3,15,15,5,Branche prévue dans la base 1.21.x,lapis_block,2,6,"{""path"": ""data/attuned/function/enchanting/vanilla_apply/loyalty_3.mcfunction"", ""line_start"": 1, ""line_end"": 13}","{""path"": ""data/attuned/function/enchanting/vanilla_apply/loyalty.mcfunction"", ""line_start"": 1, ""line_end"": 8}"
minecraft:luck_of_the_sea,1,1,7,5,Branche prévue dans la base 1.21.x,lapis_lazuli,3,2,"{""path"": ""data/attuned/function/enchanting/vanilla_apply/luck_of_the_sea_1.mcfunction"", ""line_start"": 1, ""line_end"": 13}","{""path"": ""data/attuned/function/enchanting/vanilla_apply/luck_of_the_sea.mcfunction"", ""line_start"": 1, ""line_end"": 8}"
minecraft:luck_of_the_sea,2,8,14,5,Branche prévue dans la base 1.21.x,lapis_block,1,4,"{""path"": ""data/attuned/function/enchanting/vanilla_apply/luck_of_the_sea_2.mcfunction"", ""line_start"": 1, ""line_end"": 13}","{""path"": ""data/attuned/function/enchanting/vanilla_apply/luck_of_the_sea.mcfunction"", ""line_start"": 1, ""line_end"": 8}"
minecraft:luck_of_the_sea,3,15,15,5,Branche prévue dans la base 1.21.x,lapis_block,2,6,"{""path"": ""data/attuned/function/enchanting/vanilla_apply/luck_of_the_sea_3.mcfunction"", ""line_start"": 1, ""line_end"": 13}","{""path"": ""data/attuned/function/enchanting/vanilla_apply/luck_of_the_sea.mcfunction"", ""line_start"": 1, ""line_end"": 8}"
minecraft:lunge,2,12,14,5,1.21.11 uniquement,lapis_block,1,4,"{""path"": ""overlay_94/data/attuned/function/enchanting/vanilla_apply/lunge_2.mcfunction"", ""line_start"": 1, ""line_end"": 13}","{""path"": ""data/attuned/function/enchanting/vanilla_apply/lunge.mcfunction"", ""line_start"": 1, ""line_end"": 10}"
minecraft:lunge,3,15,15,5,1.21.11 uniquement,lapis_block,2,6,"{""path"": ""overlay_94/data/attuned/function/enchanting/vanilla_apply/lunge_3.mcfunction"", ""line_start"": 1, ""line_end"": 13}","{""path"": ""data/attuned/function/enchanting/vanilla_apply/lunge.mcfunction"", ""line_start"": 1, ""line_end"": 10}"
minecraft:lure,1,1,7,5,Branche prévue dans la base 1.21.x,lapis_lazuli,3,2,"{""path"": ""data/attuned/function/enchanting/vanilla_apply/lure_1.mcfunction"", ""line_start"": 1, ""line_end"": 13}","{""path"": ""data/attuned/function/enchanting/vanilla_apply/lure.mcfunction"", ""line_start"": 1, ""line_end"": 8}"
minecraft:lure,2,8,14,5,Branche prévue dans la base 1.21.x,lapis_block,1,4,"{""path"": ""data/attuned/function/enchanting/vanilla_apply/lure_2.mcfunction"", ""line_start"": 1, ""line_end"": 13}","{""path"": ""data/attuned/function/enchanting/vanilla_apply/lure.mcfunction"", ""line_start"": 1, ""line_end"": 8}"
minecraft:lure,3,15,15,5,Branche prévue dans la base 1.21.x,lapis_block,2,6,"{""path"": ""data/attuned/function/enchanting/vanilla_apply/lure_3.mcfunction"", ""line_start"": 1, ""line_end"": 13}","{""path"": ""data/attuned/function/enchanting/vanilla_apply/lure.mcfunction"", ""line_start"": 1, ""line_end"": 8}"
minecraft:mending,1,15,15,1,Branche prévue dans la base 1.21.x,lapis_block,4,10,"{""path"": ""data/attuned/function/enchanting/vanilla_apply/mending_1.mcfunction"", ""line_start"": 1, ""line_end"": 13}","{""path"": ""data/attuned/function/enchanting/vanilla_apply/mending.mcfunction"", ""line_start"": 1, ""line_end"": 6}"
minecraft:multishot,1,1,15,1,Branche prévue dans la base 1.21.x,lapis_lazuli,3,2,"{""path"": ""data/attuned/function/enchanting/vanilla_apply/multishot_1.mcfunction"", ""line_start"": 1, ""line_end"": 13}","{""path"": ""data/attuned/function/enchanting/vanilla_apply/multishot.mcfunction"", ""line_start"": 1, ""line_end"": 4}"
minecraft:piercing,1,1,5,5,Branche prévue dans la base 1.21.x,lapis_lazuli,3,2,"{""path"": ""data/attuned/function/enchanting/vanilla_apply/piercing_1.mcfunction"", ""line_start"": 1, ""line_end"": 13}","{""path"": ""data/attuned/function/enchanting/vanilla_apply/piercing.mcfunction"", ""line_start"": 1, ""line_end"": 10}"
minecraft:piercing,2,6,10,5,Branche prévue dans la base 1.21.x,lapis_block,1,4,"{""path"": ""data/attuned/function/enchanting/vanilla_apply/piercing_2.mcfunction"", ""line_start"": 1, ""line_end"": 13}","{""path"": ""data/attuned/function/enchanting/vanilla_apply/piercing.mcfunction"", ""line_start"": 1, ""line_end"": 10}"
minecraft:piercing,3,11,14,5,Branche prévue dans la base 1.21.x,lapis_block,2,6,"{""path"": ""data/attuned/function/enchanting/vanilla_apply/piercing_3.mcfunction"", ""line_start"": 1, ""line_end"": 13}","{""path"": ""data/attuned/function/enchanting/vanilla_apply/piercing.mcfunction"", ""line_start"": 1, ""line_end"": 10}"
minecraft:piercing,4,15,15,5,Branche prévue dans la base 1.21.x,lapis_block,4,8,"{""path"": ""data/attuned/function/enchanting/vanilla_apply/piercing_4.mcfunction"", ""line_start"": 1, ""line_end"": 13}","{""path"": ""data/attuned/function/enchanting/vanilla_apply/piercing.mcfunction"", ""line_start"": 1, ""line_end"": 10}"
minecraft:power,1,1,4,6,Branche prévue dans la base 1.21.x,lapis_lazuli,3,2,"{""path"": ""data/attuned/function/enchanting/vanilla_apply/power_1.mcfunction"", ""line_start"": 1, ""line_end"": 13}","{""path"": ""data/attuned/function/enchanting/vanilla_apply/power.mcfunction"", ""line_start"": 1, ""line_end"": 12}"
minecraft:power,2,5,8,6,Branche prévue dans la base 1.21.x,lapis_block,1,4,"{""path"": ""data/attuned/function/enchanting/vanilla_apply/power_2.mcfunction"", ""line_start"": 1, ""line_end"": 13}","{""path"": ""data/attuned/function/enchanting/vanilla_apply/power.mcfunction"", ""line_start"": 1, ""line_end"": 12}"
minecraft:power,3,9,11,6,Branche prévue dans la base 1.21.x,lapis_block,2,6,"{""path"": ""data/attuned/function/enchanting/vanilla_apply/power_3.mcfunction"", ""line_start"": 1, ""line_end"": 13}","{""path"": ""data/attuned/function/enchanting/vanilla_apply/power.mcfunction"", ""line_start"": 1, ""line_end"": 12}"
minecraft:power,4,12,14,6,Branche prévue dans la base 1.21.x,lapis_block,4,8,"{""path"": ""data/attuned/function/enchanting/vanilla_apply/power_4.mcfunction"", ""line_start"": 1, ""line_end"": 13}","{""path"": ""data/attuned/function/enchanting/vanilla_apply/power.mcfunction"", ""line_start"": 1, ""line_end"": 12}"
minecraft:power,5,15,15,6,Branche prévue dans la base 1.21.x,lapis_block,6,10,"{""path"": ""data/attuned/function/enchanting/vanilla_apply/power_5.mcfunction"", ""line_start"": 1, ""line_end"": 13}","{""path"": ""data/attuned/function/enchanting/vanilla_apply/power.mcfunction"", ""line_start"": 1, ""line_end"": 12}"
minecraft:projectile_protection,1,1,5,5,Branche prévue dans la base 1.21.x,lapis_lazuli,3,2,"{""path"": ""data/attuned/function/enchanting/vanilla_apply/projectile_protection_1.mcfunction"", ""line_start"": 1, ""line_end"": 13}","{""path"": ""data/attuned/function/enchanting/vanilla_apply/projectile_protection.mcfunction"", ""line_start"": 1, ""line_end"": 10}"
minecraft:projectile_protection,2,6,10,5,Branche prévue dans la base 1.21.x,lapis_block,1,4,"{""path"": ""data/attuned/function/enchanting/vanilla_apply/projectile_protection_2.mcfunction"", ""line_start"": 1, ""line_end"": 13}","{""path"": ""data/attuned/function/enchanting/vanilla_apply/projectile_protection.mcfunction"", ""line_start"": 1, ""line_end"": 10}"
minecraft:projectile_protection,3,11,14,5,Branche prévue dans la base 1.21.x,lapis_block,2,6,"{""path"": ""data/attuned/function/enchanting/vanilla_apply/projectile_protection_3.mcfunction"", ""line_start"": 1, ""line_end"": 13}","{""path"": ""data/attuned/function/enchanting/vanilla_apply/projectile_protection.mcfunction"", ""line_start"": 1, ""line_end"": 10}"
minecraft:projectile_protection,4,15,15,5,Branche prévue dans la base 1.21.x,lapis_block,4,8,"{""path"": ""data/attuned/function/enchanting/vanilla_apply/projectile_protection_4.mcfunction"", ""line_start"": 1, ""line_end"": 13}","{""path"": ""data/attuned/function/enchanting/vanilla_apply/projectile_protection.mcfunction"", ""line_start"": 1, ""line_end"": 10}"
minecraft:protection,1,1,5,5,Branche prévue dans la base 1.21.x,lapis_lazuli,3,2,"{""path"": ""data/attuned/function/enchanting/vanilla_apply/protection_1.mcfunction"", ""line_start"": 1, ""line_end"": 13}","{""path"": ""data/attuned/function/enchanting/vanilla_apply/protection.mcfunction"", ""line_start"": 1, ""line_end"": 10}"
minecraft:protection,2,6,10,5,Branche prévue dans la base 1.21.x,lapis_block,1,4,"{""path"": ""data/attuned/function/enchanting/vanilla_apply/protection_2.mcfunction"", ""line_start"": 1, ""line_end"": 13}","{""path"": ""data/attuned/function/enchanting/vanilla_apply/protection.mcfunction"", ""line_start"": 1, ""line_end"": 10}"
minecraft:protection,3,11,14,5,Branche prévue dans la base 1.21.x,lapis_block,2,6,"{""path"": ""data/attuned/function/enchanting/vanilla_apply/protection_3.mcfunction"", ""line_start"": 1, ""line_end"": 13}","{""path"": ""data/attuned/function/enchanting/vanilla_apply/protection.mcfunction"", ""line_start"": 1, ""line_end"": 10}"
minecraft:protection,4,15,15,5,Branche prévue dans la base 1.21.x,lapis_block,4,8,"{""path"": ""data/attuned/function/enchanting/vanilla_apply/protection_4.mcfunction"", ""line_start"": 1, ""line_end"": 13}","{""path"": ""data/attuned/function/enchanting/vanilla_apply/protection.mcfunction"", ""line_start"": 1, ""line_end"": 10}"
minecraft:punch,1,1,14,3,Branche prévue dans la base 1.21.x,lapis_lazuli,3,2,"{""path"": ""data/attuned/function/enchanting/vanilla_apply/punch_1.mcfunction"", ""line_start"": 1, ""line_end"": 13}","{""path"": ""data/attuned/function/enchanting/vanilla_apply/punch.mcfunction"", ""line_start"": 1, ""line_end"": 6}"
minecraft:punch,2,15,15,3,Branche prévue dans la base 1.21.x,lapis_block,1,4,"{""path"": ""data/attuned/function/enchanting/vanilla_apply/punch_2.mcfunction"", ""line_start"": 1, ""line_end"": 13}","{""path"": ""data/attuned/function/enchanting/vanilla_apply/punch.mcfunction"", ""line_start"": 1, ""line_end"": 6}"
minecraft:quick_charge,1,1,7,5,Branche prévue dans la base 1.21.x,lapis_lazuli,3,2,"{""path"": ""data/attuned/function/enchanting/vanilla_apply/quick_charge_1.mcfunction"", ""line_start"": 1, ""line_end"": 13}","{""path"": ""data/attuned/function/enchanting/vanilla_apply/quick_charge.mcfunction"", ""line_start"": 1, ""line_end"": 8}"
minecraft:quick_charge,2,8,14,5,Branche prévue dans la base 1.21.x,lapis_block,1,4,"{""path"": ""data/attuned/function/enchanting/vanilla_apply/quick_charge_2.mcfunction"", ""line_start"": 1, ""line_end"": 13}","{""path"": ""data/attuned/function/enchanting/vanilla_apply/quick_charge.mcfunction"", ""line_start"": 1, ""line_end"": 8}"
minecraft:quick_charge,3,15,15,5,Branche prévue dans la base 1.21.x,lapis_block,2,6,"{""path"": ""data/attuned/function/enchanting/vanilla_apply/quick_charge_3.mcfunction"", ""line_start"": 1, ""line_end"": 13}","{""path"": ""data/attuned/function/enchanting/vanilla_apply/quick_charge.mcfunction"", ""line_start"": 1, ""line_end"": 8}"
minecraft:respiration,1,1,7,5,Branche prévue dans la base 1.21.x,lapis_lazuli,3,2,"{""path"": ""data/attuned/function/enchanting/vanilla_apply/respiration_1.mcfunction"", ""line_start"": 1, ""line_end"": 13}","{""path"": ""data/attuned/function/enchanting/vanilla_apply/respiration.mcfunction"", ""line_start"": 1, ""line_end"": 8}"
minecraft:respiration,2,8,14,5,Branche prévue dans la base 1.21.x,lapis_block,1,4,"{""path"": ""data/attuned/function/enchanting/vanilla_apply/respiration_2.mcfunction"", ""line_start"": 1, ""line_end"": 13}","{""path"": ""data/attuned/function/enchanting/vanilla_apply/respiration.mcfunction"", ""line_start"": 1, ""line_end"": 8}"
minecraft:respiration,3,15,15,5,Branche prévue dans la base 1.21.x,lapis_block,2,6,"{""path"": ""data/attuned/function/enchanting/vanilla_apply/respiration_3.mcfunction"", ""line_start"": 1, ""line_end"": 13}","{""path"": ""data/attuned/function/enchanting/vanilla_apply/respiration.mcfunction"", ""line_start"": 1, ""line_end"": 8}"
minecraft:riptide,1,1,7,5,Branche prévue dans la base 1.21.x,lapis_lazuli,3,2,"{""path"": ""data/attuned/function/enchanting/vanilla_apply/riptide_1.mcfunction"", ""line_start"": 1, ""line_end"": 13}","{""path"": ""data/attuned/function/enchanting/vanilla_apply/riptide.mcfunction"", ""line_start"": 1, ""line_end"": 8}"
minecraft:riptide,2,8,14,5,Branche prévue dans la base 1.21.x,lapis_block,1,4,"{""path"": ""data/attuned/function/enchanting/vanilla_apply/riptide_2.mcfunction"", ""line_start"": 1, ""line_end"": 13}","{""path"": ""data/attuned/function/enchanting/vanilla_apply/riptide.mcfunction"", ""line_start"": 1, ""line_end"": 8}"
minecraft:riptide,3,15,15,5,Branche prévue dans la base 1.21.x,lapis_block,2,6,"{""path"": ""data/attuned/function/enchanting/vanilla_apply/riptide_3.mcfunction"", ""line_start"": 1, ""line_end"": 13}","{""path"": ""data/attuned/function/enchanting/vanilla_apply/riptide.mcfunction"", ""line_start"": 1, ""line_end"": 8}"
minecraft:sharpness,1,1,4,6,Branche prévue dans la base 1.21.x,lapis_lazuli,3,2,"{""path"": ""data/attuned/function/enchanting/vanilla_apply/sharpness_1.mcfunction"", ""line_start"": 1, ""line_end"": 13}","{""path"": ""data/attuned/function/enchanting/vanilla_apply/sharpness.mcfunction"", ""line_start"": 1, ""line_end"": 12}"
minecraft:sharpness,2,5,8,6,Branche prévue dans la base 1.21.x,lapis_block,1,4,"{""path"": ""data/attuned/function/enchanting/vanilla_apply/sharpness_2.mcfunction"", ""line_start"": 1, ""line_end"": 13}","{""path"": ""data/attuned/function/enchanting/vanilla_apply/sharpness.mcfunction"", ""line_start"": 1, ""line_end"": 12}"
minecraft:sharpness,3,9,11,6,Branche prévue dans la base 1.21.x,lapis_block,2,6,"{""path"": ""data/attuned/function/enchanting/vanilla_apply/sharpness_3.mcfunction"", ""line_start"": 1, ""line_end"": 13}","{""path"": ""data/attuned/function/enchanting/vanilla_apply/sharpness.mcfunction"", ""line_start"": 1, ""line_end"": 12}"
minecraft:sharpness,4,12,14,6,Branche prévue dans la base 1.21.x,lapis_block,4,8,"{""path"": ""data/attuned/function/enchanting/vanilla_apply/sharpness_4.mcfunction"", ""line_start"": 1, ""line_end"": 13}","{""path"": ""data/attuned/function/enchanting/vanilla_apply/sharpness.mcfunction"", ""line_start"": 1, ""line_end"": 12}"
minecraft:sharpness,5,15,15,6,Branche prévue dans la base 1.21.x,lapis_block,6,10,"{""path"": ""data/attuned/function/enchanting/vanilla_apply/sharpness_5.mcfunction"", ""line_start"": 1, ""line_end"": 13}","{""path"": ""data/attuned/function/enchanting/vanilla_apply/sharpness.mcfunction"", ""line_start"": 1, ""line_end"": 12}"
minecraft:silk_touch,1,1,15,1,Branche prévue dans la base 1.21.x,lapis_block,2,5,"{""path"": ""data/attuned/function/enchanting/vanilla_apply/silk_touch_1.mcfunction"", ""line_start"": 1, ""line_end"": 13}","{""path"": ""data/attuned/function/enchanting/vanilla_apply/silk_touch.mcfunction"", ""line_start"": 1, ""line_end"": 4}"
minecraft:smite,1,1,4,6,Branche prévue dans la base 1.21.x,lapis_lazuli,3,2,"{""path"": ""data/attuned/function/enchanting/vanilla_apply/smite_1.mcfunction"", ""line_start"": 1, ""line_end"": 13}","{""path"": ""data/attuned/function/enchanting/vanilla_apply/smite.mcfunction"", ""line_start"": 1, ""line_end"": 12}"
minecraft:smite,2,5,8,6,Branche prévue dans la base 1.21.x,lapis_block,1,4,"{""path"": ""data/attuned/function/enchanting/vanilla_apply/smite_2.mcfunction"", ""line_start"": 1, ""line_end"": 13}","{""path"": ""data/attuned/function/enchanting/vanilla_apply/smite.mcfunction"", ""line_start"": 1, ""line_end"": 12}"
minecraft:smite,3,9,11,6,Branche prévue dans la base 1.21.x,lapis_block,2,6,"{""path"": ""data/attuned/function/enchanting/vanilla_apply/smite_3.mcfunction"", ""line_start"": 1, ""line_end"": 13}","{""path"": ""data/attuned/function/enchanting/vanilla_apply/smite.mcfunction"", ""line_start"": 1, ""line_end"": 12}"
minecraft:smite,4,12,14,6,Branche prévue dans la base 1.21.x,lapis_block,4,8,"{""path"": ""data/attuned/function/enchanting/vanilla_apply/smite_4.mcfunction"", ""line_start"": 1, ""line_end"": 13}","{""path"": ""data/attuned/function/enchanting/vanilla_apply/smite.mcfunction"", ""line_start"": 1, ""line_end"": 12}"
minecraft:smite,5,15,15,6,Branche prévue dans la base 1.21.x,lapis_block,6,10,"{""path"": ""data/attuned/function/enchanting/vanilla_apply/smite_5.mcfunction"", ""line_start"": 1, ""line_end"": 13}","{""path"": ""data/attuned/function/enchanting/vanilla_apply/smite.mcfunction"", ""line_start"": 1, ""line_end"": 12}"
minecraft:soul_speed,2,12,14,5,Branche prévue dans la base 1.21.x,lapis_block,1,4,"{""path"": ""data/attuned/function/enchanting/vanilla_apply/soul_speed_2.mcfunction"", ""line_start"": 1, ""line_end"": 13}","{""path"": ""data/attuned/function/enchanting/vanilla_apply/soul_speed.mcfunction"", ""line_start"": 1, ""line_end"": 10}"
minecraft:soul_speed,3,15,15,5,Branche prévue dans la base 1.21.x,lapis_block,2,6,"{""path"": ""data/attuned/function/enchanting/vanilla_apply/soul_speed_3.mcfunction"", ""line_start"": 1, ""line_end"": 13}","{""path"": ""data/attuned/function/enchanting/vanilla_apply/soul_speed.mcfunction"", ""line_start"": 1, ""line_end"": 10}"
minecraft:sweeping_edge,1,1,7,5,Branche prévue dans la base 1.21.x,lapis_lazuli,3,2,"{""path"": ""data/attuned/function/enchanting/vanilla_apply/sweeping_edge_1.mcfunction"", ""line_start"": 1, ""line_end"": 13}","{""path"": ""data/attuned/function/enchanting/vanilla_apply/sweeping_edge.mcfunction"", ""line_start"": 1, ""line_end"": 8}"
minecraft:sweeping_edge,2,8,14,5,Branche prévue dans la base 1.21.x,lapis_block,1,4,"{""path"": ""data/attuned/function/enchanting/vanilla_apply/sweeping_edge_2.mcfunction"", ""line_start"": 1, ""line_end"": 13}","{""path"": ""data/attuned/function/enchanting/vanilla_apply/sweeping_edge.mcfunction"", ""line_start"": 1, ""line_end"": 8}"
minecraft:sweeping_edge,3,15,15,5,Branche prévue dans la base 1.21.x,lapis_block,2,6,"{""path"": ""data/attuned/function/enchanting/vanilla_apply/sweeping_edge_3.mcfunction"", ""line_start"": 1, ""line_end"": 13}","{""path"": ""data/attuned/function/enchanting/vanilla_apply/sweeping_edge.mcfunction"", ""line_start"": 1, ""line_end"": 8}"
minecraft:swift_sneak,2,12,14,5,Branche prévue dans la base 1.21.x,lapis_block,1,4,"{""path"": ""data/attuned/function/enchanting/vanilla_apply/swift_sneak_2.mcfunction"", ""line_start"": 1, ""line_end"": 13}","{""path"": ""data/attuned/function/enchanting/vanilla_apply/swift_sneak.mcfunction"", ""line_start"": 1, ""line_end"": 10}"
minecraft:swift_sneak,3,15,15,5,Branche prévue dans la base 1.21.x,lapis_block,2,6,"{""path"": ""data/attuned/function/enchanting/vanilla_apply/swift_sneak_3.mcfunction"", ""line_start"": 1, ""line_end"": 13}","{""path"": ""data/attuned/function/enchanting/vanilla_apply/swift_sneak.mcfunction"", ""line_start"": 1, ""line_end"": 10}"
minecraft:thorns,1,1,7,5,Branche prévue dans la base 1.21.x,lapis_lazuli,3,2,"{""path"": ""data/attuned/function/enchanting/vanilla_apply/thorns_1.mcfunction"", ""line_start"": 1, ""line_end"": 13}","{""path"": ""data/attuned/function/enchanting/vanilla_apply/thorns.mcfunction"", ""line_start"": 1, ""line_end"": 8}"
minecraft:thorns,2,8,14,5,Branche prévue dans la base 1.21.x,lapis_block,1,4,"{""path"": ""data/attuned/function/enchanting/vanilla_apply/thorns_2.mcfunction"", ""line_start"": 1, ""line_end"": 13}","{""path"": ""data/attuned/function/enchanting/vanilla_apply/thorns.mcfunction"", ""line_start"": 1, ""line_end"": 8}"
minecraft:thorns,3,15,15,5,Branche prévue dans la base 1.21.x,lapis_block,2,6,"{""path"": ""data/attuned/function/enchanting/vanilla_apply/thorns_3.mcfunction"", ""line_start"": 1, ""line_end"": 13}","{""path"": ""data/attuned/function/enchanting/vanilla_apply/thorns.mcfunction"", ""line_start"": 1, ""line_end"": 8}"
minecraft:unbreaking,1,1,7,5,Branche prévue dans la base 1.21.x,lapis_lazuli,3,2,"{""path"": ""data/attuned/function/enchanting/vanilla_apply/unbreaking_1.mcfunction"", ""line_start"": 1, ""line_end"": 13}","{""path"": ""data/attuned/function/enchanting/vanilla_apply/unbreaking.mcfunction"", ""line_start"": 1, ""line_end"": 8}"
minecraft:unbreaking,2,8,14,5,Branche prévue dans la base 1.21.x,lapis_block,1,4,"{""path"": ""data/attuned/function/enchanting/vanilla_apply/unbreaking_2.mcfunction"", ""line_start"": 1, ""line_end"": 13}","{""path"": ""data/attuned/function/enchanting/vanilla_apply/unbreaking.mcfunction"", ""line_start"": 1, ""line_end"": 8}"
minecraft:unbreaking,3,15,15,5,Branche prévue dans la base 1.21.x,lapis_block,2,6,"{""path"": ""data/attuned/function/enchanting/vanilla_apply/unbreaking_3.mcfunction"", ""line_start"": 1, ""line_end"": 13}","{""path"": ""data/attuned/function/enchanting/vanilla_apply/unbreaking.mcfunction"", ""line_start"": 1, ""line_end"": 8}"
minecraft:vanishing_curse,1,1,15,1,Branche prévue dans la base 1.21.x,lapis_block,1,3,"{""path"": ""data/attuned/function/enchanting/vanilla_apply/vanishing_curse_1.mcfunction"", ""line_start"": 1, ""line_end"": 13}","{""path"": ""data/attuned/function/enchanting/vanilla_apply/vanishing_curse.mcfunction"", ""line_start"": 1, ""line_end"": 4}"
minecraft:wind_burst,3,15,15,5,Branche prévue dans la base 1.21.x,lapis_block,2,6,"{""path"": ""data/attuned/function/enchanting/vanilla_apply/wind_burst_3.mcfunction"", ""line_start"": 1, ""line_end"": 13}","{""path"": ""data/attuned/function/enchanting/vanilla_apply/wind_burst.mcfunction"", ""line_start"": 1, ""line_end"": 10}"
