id,name_fr,power_min,standard_cap,added_per_purchase,mastery_target,lapis_item,lapis_count,xp_levels,source
attuned:excavation,Excavation,8,3,1,4,lapis_block,1,4,"{""path"": ""data/attuned/function/enchanting/apply/excavation.mcfunction"", ""line_start"": 1, ""line_end"": 19}"
attuned:reach,Allonge,10,2,1,3,lapis_block,2,5,"{""path"": ""data/attuned/function/enchanting/apply/reach.mcfunction"", ""line_start"": 1, ""line_end"": 19}"
attuned:endurance,Endurance,10,3,1,4,lapis_block,2,5,"{""path"": ""data/attuned/function/enchanting/apply/endurance.mcfunction"", ""line_start"": 1, ""line_end"": 19}"
attuned:lumberjack,Bûcheron,8,3,1,4,lapis_block,1,4,"{""path"": ""data/attuned/function/enchanting/apply/lumberjack.mcfunction"", ""line_start"": 1, ""line_end"": 19}"
attuned:harvest,Moisson,8,2,1,3,lapis_block,1,4,"{""path"": ""data/attuned/function/enchanting/apply/harvest.mcfunction"", ""line_start"": 1, ""line_end"": 19}"
attuned:execution,Exécution,12,3,1,4,lapis_block,2,6,"{""path"": ""data/attuned/function/enchanting/apply/execution.mcfunction"", ""line_start"": 1, ""line_end"": 21}"
attuned:impact,Impact,10,2,1,3,lapis_block,1,5,"{""path"": ""data/attuned/function/enchanting/apply/impact.mcfunction"", ""line_start"": 1, ""line_end"": 19}"
attuned:infernal_edge,Lame infernale,12,2,1,3,lapis_block,2,6,"{""path"": ""data/attuned/function/enchanting/apply/infernal_edge.mcfunction"", ""line_start"": 1, ""line_end"": 19}"
attuned:siphon,Siphon,15,2,1,3,lapis_block,3,8,"{""path"": ""data/attuned/function/enchanting/apply/siphon.mcfunction"", ""line_start"": 1, ""line_end"": 21}"
attuned:bind,Entrave,12,3,1,4,lapis_block,2,6,"{""path"": ""data/attuned/function/enchanting/apply/bind.mcfunction"", ""line_start"": 1, ""line_end"": 19}"
attuned:longshot,Longue portée,12,1,1,1,lapis_block,2,6,"{""path"": ""data/attuned/function/enchanting/apply/longshot.mcfunction"", ""line_start"": 1, ""line_end"": 21}"
attuned:volley,Volée,15,1,1,1,lapis_block,4,8,"{""path"": ""data/attuned/function/enchanting/apply/volley.mcfunction"", ""line_start"": 1, ""line_end"": 21}"
attuned:siege,Siège,12,3,1,4,lapis_block,2,6,"{""path"": ""data/attuned/function/enchanting/apply/siege.mcfunction"", ""line_start"": 1, ""line_end"": 19}"
attuned:rapid_mechanism,Mécanisme rapide,12,3,1,4,lapis_block,2,6,"{""path"": ""data/attuned/function/enchanting/apply/rapid_mechanism.mcfunction"", ""line_start"": 1, ""line_end"": 19}"
attuned:reinforced_piercing,Perforation renforcée,10,3,1,4,lapis_block,1,5,"{""path"": ""data/attuned/function/enchanting/apply/reinforced_piercing.mcfunction"", ""line_start"": 1, ""line_end"": 19}"
attuned:bastion,Bastion,10,3,1,4,lapis_block,1,5,"{""path"": ""data/attuned/function/enchanting/apply/bastion.mcfunction"", ""line_start"": 1, ""line_end"": 21}"
attuned:riposte,Riposte,15,3,1,4,lapis_block,3,8,"{""path"": ""data/attuned/function/enchanting/apply/riposte.mcfunction"", ""line_start"": 1, ""line_end"": 21}"
attuned:feather_step,Pas léger,10,3,1,4,lapis_block,1,5,"{""path"": ""data/attuned/function/enchanting/apply/feather_step.mcfunction"", ""line_start"": 1, ""line_end"": 19}"
attuned:abyssal_guard,Garde abyssale,10,3,1,4,lapis_block,1,5,"{""path"": ""data/attuned/function/enchanting/apply/abyssal_guard.mcfunction"", ""line_start"": 1, ""line_end"": 19}"
attuned:second_wind,Second souffle,15,2,1,3,lapis_block,3,8,"{""path"": ""data/attuned/function/enchanting/apply/second_wind.mcfunction"", ""line_start"": 1, ""line_end"": 19}"
