id,profession,offer_name_fr,primary_price,secondary_price,max_uses,villager_xp,reputation_discount,book_custom_data,status,source
attuned:armorer/bastion,armorer,Manuel : Bastion,"{""id"": ""minecraft:emerald"", ""count"": 34}","{""id"": ""minecraft:book"", ""count"": 1}",2,30,0.1,"{""attuned_knowledge"": ""bastion"", ""attuned_book"": 1}",Définition dormante sur Java 1.21.x ; registre introduit en 26.1,"{""path"": ""data/attuned/villager_trade/armorer/bastion.json"", ""line_start"": 1, ""line_end"": 37}"
attuned:armorer/riposte,armorer,Manuel : Riposte,"{""id"": ""minecraft:emerald"", ""count"": 38}",,1,0,0.1,"{""attuned_knowledge"": ""riposte"", ""attuned_book"": 1}",Définition dormante sur Java 1.21.x ; registre introduit en 26.1,"{""path"": ""data/attuned/villager_trade/armorer/riposte.json"", ""line_start"": 1, ""line_end"": 33}"
attuned:armorer/second_wind,armorer,Manuel : Second souffle,"{""id"": ""minecraft:emerald"", ""count"": 46}",,1,0,0.1,"{""attuned_knowledge"": ""second_wind"", ""attuned_book"": 1}",Définition dormante sur Java 1.21.x ; registre introduit en 26.1,"{""path"": ""data/attuned/villager_trade/armorer/second_wind.json"", ""line_start"": 1, ""line_end"": 33}"
attuned:cleric/bind,cleric,Manuel : Entrave,"{""id"": ""minecraft:emerald"", ""count"": 38}",,1,0,0.1,"{""attuned_knowledge"": ""bind"", ""attuned_book"": 1}",Définition dormante sur Java 1.21.x ; registre introduit en 26.1,"{""path"": ""data/attuned/villager_trade/cleric/bind.json"", ""line_start"": 1, ""line_end"": 33}"
attuned:cleric/siphon,cleric,Manuel : Siphon,"{""id"": ""minecraft:emerald"", ""count"": 46}",,1,0,0.1,"{""attuned_knowledge"": ""siphon"", ""attuned_book"": 1}",Définition dormante sur Java 1.21.x ; registre introduit en 26.1,"{""path"": ""data/attuned/villager_trade/cleric/siphon.json"", ""line_start"": 1, ""line_end"": 33}"
attuned:cleric/vitality,cleric,Tome de Vitalité,"{""id"": ""minecraft:emerald"", ""count"": 32}","{""id"": ""minecraft:golden_apple"", ""count"": 1}",2,30,0.1,"{""attuned_tome"": ""vitality"", ""attuned_book"": 1}",Définition dormante sur Java 1.21.x ; registre introduit en 26.1,"{""path"": ""data/attuned/villager_trade/cleric/vitality.json"", ""line_start"": 1, ""line_end"": 31}"
attuned:fletcher/longshot,fletcher,Manuel : Longue portée,"{""id"": ""minecraft:emerald"", ""count"": 34}","{""id"": ""minecraft:book"", ""count"": 1}",2,30,0.1,"{""attuned_knowledge"": ""longshot"", ""attuned_book"": 1}",Définition dormante sur Java 1.21.x ; registre introduit en 26.1,"{""path"": ""data/attuned/villager_trade/fletcher/longshot.json"", ""line_start"": 1, ""line_end"": 37}"
attuned:fletcher/rapid_mechanism,fletcher,Manuel : Mécanisme rapide,"{""id"": ""minecraft:emerald"", ""count"": 34}",,1,0,0.1,"{""attuned_knowledge"": ""rapid_mechanism"", ""attuned_book"": 1}",Définition dormante sur Java 1.21.x ; registre introduit en 26.1,"{""path"": ""data/attuned/villager_trade/fletcher/rapid_mechanism.json"", ""line_start"": 1, ""line_end"": 33}"
attuned:fletcher/reinforced_piercing,fletcher,Manuel : Perforation renforcée,"{""id"": ""minecraft:emerald"", ""count"": 36}",,1,0,0.1,"{""attuned_knowledge"": ""reinforced_piercing"", ""attuned_book"": 1}",Définition dormante sur Java 1.21.x ; registre introduit en 26.1,"{""path"": ""data/attuned/villager_trade/fletcher/reinforced_piercing.json"", ""line_start"": 1, ""line_end"": 33}"
attuned:fletcher/volley,fletcher,Manuel : Volée,"{""id"": ""minecraft:emerald"", ""count"": 48}","{""id"": ""minecraft:book"", ""count"": 1}",1,30,0.1,"{""attuned_knowledge"": ""volley"", ""attuned_book"": 1}",Définition dormante sur Java 1.21.x ; registre introduit en 26.1,"{""path"": ""data/attuned/villager_trade/fletcher/volley.json"", ""line_start"": 1, ""line_end"": 37}"
attuned:librarian/mending_knowledge,librarian,Codex du Raccommodage,"{""id"": ""minecraft:emerald"", ""count"": 36}","{""id"": ""minecraft:book"", ""count"": 1}",2,30,0.1,"{""attuned_knowledge"": ""mending"", ""attuned_book"": 1}",Définition dormante sur Java 1.21.x ; registre introduit en 26.1,"{""path"": ""data/attuned/villager_trade/librarian/mending_knowledge.json"", ""line_start"": 1, ""line_end"": 31}"
attuned:toolsmith/dexterity,toolsmith,Tome de Dextérité,"{""id"": ""minecraft:emerald"", ""count"": 28}","{""id"": ""minecraft:lapis_block"", ""count"": 1}",3,30,0.1,"{""attuned_tome"": ""dexterity"", ""attuned_book"": 1}",Définition dormante sur Java 1.21.x ; registre introduit en 26.1,"{""path"": ""data/attuned/villager_trade/toolsmith/dexterity.json"", ""line_start"": 1, ""line_end"": 31}"
attuned:toolsmith/endurance,toolsmith,Manuel : Endurance,"{""id"": ""minecraft:emerald"", ""count"": 34}","{""id"": ""minecraft:book"", ""count"": 1}",2,30,0.1,"{""attuned_knowledge"": ""endurance"", ""attuned_book"": 1}",Définition dormante sur Java 1.21.x ; registre introduit en 26.1,"{""path"": ""data/attuned/villager_trade/toolsmith/endurance.json"", ""line_start"": 1, ""line_end"": 37}"
attuned:toolsmith/excavation,toolsmith,Manuel : Excavation,"{""id"": ""minecraft:emerald"", ""count"": 30}","{""id"": ""minecraft:book"", ""count"": 1}",3,30,0.1,"{""attuned_knowledge"": ""excavation"", ""attuned_book"": 1}",Définition dormante sur Java 1.21.x ; registre introduit en 26.1,"{""path"": ""data/attuned/villager_trade/toolsmith/excavation.json"", ""line_start"": 1, ""line_end"": 37}"
attuned:toolsmith/harvest,toolsmith,Manuel : Moisson,"{""id"": ""minecraft:emerald"", ""count"": 28}",,1,0,0.1,"{""attuned_knowledge"": ""harvest"", ""attuned_book"": 1}",Définition dormante sur Java 1.21.x ; registre introduit en 26.1,"{""path"": ""data/attuned/villager_trade/toolsmith/harvest.json"", ""line_start"": 1, ""line_end"": 33}"
attuned:toolsmith/lumberjack,toolsmith,Manuel : Bûcheron,"{""id"": ""minecraft:emerald"", ""count"": 28}",,1,0,0.1,"{""attuned_knowledge"": ""lumberjack"", ""attuned_book"": 1}",Définition dormante sur Java 1.21.x ; registre introduit en 26.1,"{""path"": ""data/attuned/villager_trade/toolsmith/lumberjack.json"", ""line_start"": 1, ""line_end"": 33}"
attuned:toolsmith/reach,toolsmith,Manuel : Allonge,"{""id"": ""minecraft:emerald"", ""count"": 32}",,1,0,0.1,"{""attuned_knowledge"": ""reach"", ""attuned_book"": 1}",Définition dormante sur Java 1.21.x ; registre introduit en 26.1,"{""path"": ""data/attuned/villager_trade/toolsmith/reach.json"", ""line_start"": 1, ""line_end"": 33}"
attuned:wandering/abyssal_guard,wandering,Manuel : Garde abyssale,"{""id"": ""minecraft:emerald"", ""count"": 40}",,1,0,0.1,"{""attuned_knowledge"": ""abyssal_guard"", ""attuned_book"": 1}",Définition dormante sur Java 1.21.x ; registre introduit en 26.1,"{""path"": ""data/attuned/villager_trade/wandering/abyssal_guard.json"", ""line_start"": 1, ""line_end"": 33}"
attuned:wandering/bastion,wandering,Manuel : Bastion,"{""id"": ""minecraft:emerald"", ""count"": 38}",,1,0,0.1,"{""attuned_knowledge"": ""bastion"", ""attuned_book"": 1}",Définition dormante sur Java 1.21.x ; registre introduit en 26.1,"{""path"": ""data/attuned/villager_trade/wandering/bastion.json"", ""line_start"": 1, ""line_end"": 33}"
attuned:wandering/endurance,wandering,Manuel : Endurance,"{""id"": ""minecraft:emerald"", ""count"": 30}",,1,0,0.1,"{""attuned_knowledge"": ""endurance"", ""attuned_book"": 1}",Définition dormante sur Java 1.21.x ; registre introduit en 26.1,"{""path"": ""data/attuned/villager_trade/wandering/endurance.json"", ""line_start"": 1, ""line_end"": 33}"
attuned:wandering/excavation,wandering,Manuel : Excavation,"{""id"": ""minecraft:emerald"", ""count"": 34}",,1,0,0.1,"{""attuned_knowledge"": ""excavation"", ""attuned_book"": 1}",Définition dormante sur Java 1.21.x ; registre introduit en 26.1,"{""path"": ""data/attuned/villager_trade/wandering/excavation.json"", ""line_start"": 1, ""line_end"": 33}"
attuned:wandering/feather_step,wandering,Manuel : Pas léger,"{""id"": ""minecraft:emerald"", ""count"": 34}",,1,0,0.1,"{""attuned_knowledge"": ""feather_step"", ""attuned_book"": 1}",Définition dormante sur Java 1.21.x ; registre introduit en 26.1,"{""path"": ""data/attuned/villager_trade/wandering/feather_step.json"", ""line_start"": 1, ""line_end"": 33}"
attuned:wandering/impact,wandering,Manuel : Impact,"{""id"": ""minecraft:emerald"", ""count"": 32}",,1,0,0.1,"{""attuned_knowledge"": ""impact"", ""attuned_book"": 1}",Définition dormante sur Java 1.21.x ; registre introduit en 26.1,"{""path"": ""data/attuned/villager_trade/wandering/impact.json"", ""line_start"": 1, ""line_end"": 33}"
attuned:wandering/infernal_edge,wandering,Manuel : Lame infernale,"{""id"": ""minecraft:emerald"", ""count"": 44}",,1,0,0.1,"{""attuned_knowledge"": ""infernal_edge"", ""attuned_book"": 1}",Définition dormante sur Java 1.21.x ; registre introduit en 26.1,"{""path"": ""data/attuned/villager_trade/wandering/infernal_edge.json"", ""line_start"": 1, ""line_end"": 33}"
attuned:wandering/longshot,wandering,Manuel : Longue portée,"{""id"": ""minecraft:emerald"", ""count"": 40}",,1,0,0.1,"{""attuned_knowledge"": ""longshot"", ""attuned_book"": 1}",Définition dormante sur Java 1.21.x ; registre introduit en 26.1,"{""path"": ""data/attuned/villager_trade/wandering/longshot.json"", ""line_start"": 1, ""line_end"": 33}"
attuned:wandering/rapid_mechanism,wandering,Manuel : Mécanisme rapide,"{""id"": ""minecraft:emerald"", ""count"": 36}",,1,0,0.1,"{""attuned_knowledge"": ""rapid_mechanism"", ""attuned_book"": 1}",Définition dormante sur Java 1.21.x ; registre introduit en 26.1,"{""path"": ""data/attuned/villager_trade/wandering/rapid_mechanism.json"", ""line_start"": 1, ""line_end"": 33}"
attuned:wandering/reach,wandering,Manuel : Allonge,"{""id"": ""minecraft:emerald"", ""count"": 40}",,1,0,0.1,"{""attuned_knowledge"": ""reach"", ""attuned_book"": 1}",Définition dormante sur Java 1.21.x ; registre introduit en 26.1,"{""path"": ""data/attuned/villager_trade/wandering/reach.json"", ""line_start"": 1, ""line_end"": 33}"
attuned:wandering/riposte,wandering,Manuel : Riposte,"{""id"": ""minecraft:emerald"", ""count"": 42}",,1,0,0.1,"{""attuned_knowledge"": ""riposte"", ""attuned_book"": 1}",Définition dormante sur Java 1.21.x ; registre introduit en 26.1,"{""path"": ""data/attuned/villager_trade/wandering/riposte.json"", ""line_start"": 1, ""line_end"": 33}"
attuned:wandering/second_wind,wandering,Manuel : Second souffle,"{""id"": ""minecraft:emerald"", ""count"": 48}",,1,0,0.1,"{""attuned_knowledge"": ""second_wind"", ""attuned_book"": 1}",Définition dormante sur Java 1.21.x ; registre introduit en 26.1,"{""path"": ""data/attuned/villager_trade/wandering/second_wind.json"", ""line_start"": 1, ""line_end"": 33}"
attuned:wandering/siphon,wandering,Manuel : Siphon,"{""id"": ""minecraft:emerald"", ""count"": 48}",,1,0,0.1,"{""attuned_knowledge"": ""siphon"", ""attuned_book"": 1}",Définition dormante sur Java 1.21.x ; registre introduit en 26.1,"{""path"": ""data/attuned/villager_trade/wandering/siphon.json"", ""line_start"": 1, ""line_end"": 33}"
attuned:wandering/vigor,wandering,Tome de Vigueur,"{""id"": ""minecraft:emerald"", ""count"": 36}",,1,0,0.1,"{""attuned_tome"": ""vigor"", ""attuned_book"": 1}",Définition dormante sur Java 1.21.x ; registre introduit en 26.1,"{""path"": ""data/attuned/villager_trade/wandering/vigor.json"", ""line_start"": 1, ""line_end"": 27}"
attuned:wandering/vitality,wandering,Tome de Vitalité,"{""id"": ""minecraft:emerald"", ""count"": 48}",,1,0,0.1,"{""attuned_tome"": ""vitality"", ""attuned_book"": 1}",Définition dormante sur Java 1.21.x ; registre introduit en 26.1,"{""path"": ""data/attuned/villager_trade/wandering/vitality.json"", ""line_start"": 1, ""line_end"": 27}"
attuned:weaponsmith/execution,weaponsmith,Manuel : Exécution,"{""id"": ""minecraft:emerald"", ""count"": 36}","{""id"": ""minecraft:book"", ""count"": 1}",2,30,0.1,"{""attuned_knowledge"": ""execution"", ""attuned_book"": 1}",Définition dormante sur Java 1.21.x ; registre introduit en 26.1,"{""path"": ""data/attuned/villager_trade/weaponsmith/execution.json"", ""line_start"": 1, ""line_end"": 37}"
attuned:weaponsmith/impact,weaponsmith,Manuel : Impact,"{""id"": ""minecraft:emerald"", ""count"": 30}",,1,0,0.1,"{""attuned_knowledge"": ""impact"", ""attuned_book"": 1}",Définition dormante sur Java 1.21.x ; registre introduit en 26.1,"{""path"": ""data/attuned/villager_trade/weaponsmith/impact.json"", ""line_start"": 1, ""line_end"": 33}"
attuned:weaponsmith/infernal_edge,weaponsmith,Manuel : Lame infernale,"{""id"": ""minecraft:emerald"", ""count"": 40}",,1,0,0.1,"{""attuned_knowledge"": ""infernal_edge"", ""attuned_book"": 1}",Définition dormante sur Java 1.21.x ; registre introduit en 26.1,"{""path"": ""data/attuned/villager_trade/weaponsmith/infernal_edge.json"", ""line_start"": 1, ""line_end"": 33}"
attuned:weaponsmith/siphon,weaponsmith,Manuel : Siphon,"{""id"": ""minecraft:emerald"", ""count"": 46}",,1,0,0.1,"{""attuned_knowledge"": ""siphon"", ""attuned_book"": 1}",Définition dormante sur Java 1.21.x ; registre introduit en 26.1,"{""path"": ""data/attuned/villager_trade/weaponsmith/siphon.json"", ""line_start"": 1, ""line_end"": 33}"
