id,name_fr,group,max_level_definition,supported_items,slots,exclusive_set,effect_summary_fr,source
attuned:abyssal_guard,Garde abyssale,Savoirs de la bibliothèque,5,#minecraft:enchantable/chest_armor,"[""chest""]",,"Efficacité de déplacement dans l’eau : +0,2 × L.","{""path"": ""data/attuned/enchantment/abyssal_guard.json"", ""line_start"": 1, ""line_end"": 35}"
attuned:abyssal_sight,Vision abyssale,Traits d’armure,5,#attuned:helmets,"[""head""]",,"Vitesse de minage sous l’eau : +0,15 × L à l’attribut.","{""path"": ""data/attuned/enchantment/abyssal_sight.json"", ""line_start"": 1, ""line_end"": 35}"
attuned:agility,Agilité,Traits d’armure,5,#attuned:leggings,"[""legs""]",,"Force du saut : +2 % × L, multiplicateur de la valeur totale.","{""path"": ""data/attuned/enchantment/agility.json"", ""line_start"": 1, ""line_end"": 35}"
attuned:armor_familiarity,Entretien,Entretien,4,#attuned:armor,"[""armor""]",,"Avant 1.21.11 : dégâts de durabilité ×0,9 / 0,8 / 0,7 / 0,6. En 1.21.11 : après une attaque reçue, 4 / 6 / 8 / 10 % de chance de réparer 2 / 3 / 4 / 5 points (I à IV).","{""path"": ""data/attuned/enchantment/armor_familiarity.json"", ""line_start"": 1, ""line_end"": 36}"
attuned:armor_mastery,Maîtrise d’armure,Maîtrises et spécialisations,5,#attuned:armor,"[""armor""]",,"Robustesse d’armure : +0,25 × L.","{""path"": ""data/attuned/enchantment/armor_mastery.json"", ""line_start"": 1, ""line_end"": 35}"
attuned:armor_veteran,Armure endurcie,Exploits et vétérans,1,#attuned:armor,"[""armor""]",,"Robustesse d’armure : +0,25.","{""path"": ""data/attuned/enchantment/armor_veteran.json"", ""line_start"": 1, ""line_end"": 35}"
attuned:bastion,Bastion,Savoirs de la bibliothèque,5,minecraft:shield,"[""hand""]",#attuned:exclusive_set/shield_style,"Résistance au recul : +0,08 × L, en tenant le bouclier.","{""path"": ""data/attuned/enchantment/bastion.json"", ""line_start"": 1, ""line_end"": 36}"
attuned:battle_hardened,Vétéran,Exploits et vétérans,1,#attuned:history_weapons,"[""mainhand""]",,"Dégâts : +0,5.","{""path"": ""data/attuned/enchantment/battle_hardened.json"", ""line_start"": 1, ""line_end"": 35}"
attuned:bind,Entrave,Savoirs de la bibliothèque,5,#minecraft:enchantable/sharp_weapon,"[""mainhand""]",,"Coup direct : Lenteur I, pendant 2 à (L + 1) secondes.","{""path"": ""data/attuned/enchantment/bind.json"", ""line_start"": 1, ""line_end"": 47}"
attuned:blast_anchor,Ancrage explosif,Traits d’armure,5,#attuned:chestplates,"[""chest""]",,"Résistance au recul des explosions : +0,08 × L.","{""path"": ""data/attuned/enchantment/blast_anchor.json"", ""line_start"": 1, ""line_end"": 35}"
attuned:blaze_slayer,Brise-flamme,Exploits et vétérans,1,#attuned:history_weapons,"[""mainhand""]",,"Dégâts contre les blazes : +2,5.","{""path"": ""data/attuned/enchantment/blaze_slayer.json"", ""line_start"": 1, ""line_end"": 42}"
attuned:carapace,Carapace,Traits d’armure,5,#attuned:chestplates,"[""chest""]",,"Armure : +0,5 × L.","{""path"": ""data/attuned/enchantment/carapace.json"", ""line_start"": 1, ""line_end"": 35}"
attuned:cinder_step,Pas de braise,Traits d’armure,5,#attuned:boots,"[""feet""]",,"Durée de combustion : −6 % × L, multiplicateur de la valeur totale.","{""path"": ""data/attuned/enchantment/cinder_step.json"", ""line_start"": 1, ""line_end"": 35}"
attuned:creeper_slayer,Sang-froid,Exploits et vétérans,1,#attuned:history_weapons,"[""mainhand""]",,"Dégâts contre les creepers : +2,5.","{""path"": ""data/attuned/enchantment/creeper_slayer.json"", ""line_start"": 1, ""line_end"": 42}"
attuned:crossbow_mastery,Maîtrise d’arbalète,Maîtrises et spécialisations,5,#minecraft:enchantable/crossbow,"[""mainhand""]",,"Dégâts de flèches : +0,2 × L ; accélération du projectile (voir note de version).","{""path"": ""data/attuned/enchantment/crossbow_mastery.json"", ""line_start"": 1, ""line_end"": 50}"
attuned:deep_breath,Souffle profond,Traits d’armure,5,#attuned:helmets,"[""head""]",,"Bonus d’oxygène : +0,5 × L à l’attribut.","{""path"": ""data/attuned/enchantment/deep_breath.json"", ""line_start"": 1, ""line_end"": 35}"
attuned:digger_veteran,Terrassier éprouvé,Exploits et vétérans,1,#attuned:shovels,"[""mainhand""]",,Vitesse de casse : +5 % de la valeur de base.,"{""path"": ""data/attuned/enchantment/digger_veteran.json"", ""line_start"": 1, ""line_end"": 35}"
attuned:dragon_legacy,Héritage draconique,Exploits et vétérans,1,#attuned:history_weapons,"[""mainhand""]",,"Dégâts contre #attuned:end_family : +1,5.","{""path"": ""data/attuned/enchantment/dragon_legacy.json"", ""line_start"": 1, ""line_end"": 42}"
attuned:emberguard,Garde ardente,Traits d’armure,5,#attuned:chestplates,"[""chest""]",,"Durée de combustion : −8 % × L, multiplicateur de la valeur totale.","{""path"": ""data/attuned/enchantment/emberguard.json"", ""line_start"": 1, ""line_end"": 35}"
attuned:enderman_slayer,Traqueur du Vide,Exploits et vétérans,1,#attuned:history_weapons,"[""mainhand""]",,"Dégâts contre les endermen : +2,5.","{""path"": ""data/attuned/enchantment/enderman_slayer.json"", ""line_start"": 1, ""line_end"": 42}"
attuned:endurance,Endurance,Savoirs de la bibliothèque,5,#minecraft:enchantable/durability,"[""any""]",,Chaque point de dégât de durabilité a 10 % × L de chance d’être supprimé.,"{""path"": ""data/attuned/enchantment/endurance.json"", ""line_start"": 1, ""line_end"": 39}"
attuned:excavation,Excavation,Savoirs de la bibliothèque,5,#minecraft:enchantable/mining,"[""mainhand""]",,Efficacité de minage : +2 × L à l’attribut.,"{""path"": ""data/attuned/enchantment/excavation.json"", ""line_start"": 1, ""line_end"": 35}"
attuned:execution,Exécution,Savoirs de la bibliothèque,5,#minecraft:enchantable/sharp_weapon,"[""mainhand""]",#attuned:exclusive_set/combat_core,"Dégâts : +0,75 × L.","{""path"": ""data/attuned/enchantment/execution.json"", ""line_start"": 1, ""line_end"": 36}"
attuned:experienced,Expérience naturelle,Marqueurs,1,"[""minecraft:wooden_sword"", ""minecraft:stone_sword"", ""minecraft:iron_sword"", ""minecraft:iron_sword"", ""minecraft:diamond_sword"", ""minecraft:netherite_sword"", ""minecraft:wooden_pickaxe"", ""minecraft:stone_pickaxe"", ""minecraft:iron_pickaxe"", ""minecraft:iron_pickaxe"", ""minecraft:diamond_pickaxe"", ""minecraft:netherite_pickaxe"", ""minecraft:wooden_axe"", ""minecraft:stone_axe"", ""minecraft:iron_axe"", ""minecraft:iron_axe"", ""minecraft:diamond_axe"", ""minecraft:netherite_axe"", ""minecraft:wooden_shovel"", ""minecraft:stone_shovel"", ""minecraft:iron_shovel"", ""minecraft:iron_shovel"", ""minecraft:diamond_shovel"", ""minecraft:netherite_shovel"", ""minecraft:wooden_hoe"", ""minecraft:stone_hoe"", ""minecraft:iron_hoe"", ""minecraft:iron_hoe"", ""minecraft:diamond_hoe"", ""minecraft:netherite_hoe"", ""minecraft:shield""]","[""hand""]",,Marqueur d’expérience naturelle ; aucun effet natif dans son JSON.,"{""path"": ""data/attuned/enchantment/experienced.json"", ""line_start"": 1, ""line_end"": 55}"
attuned:feather_step,Pas léger,Savoirs de la bibliothèque,5,#minecraft:enchantable/foot_armor,"[""feet""]",,"Protection contre les chutes : +2 × L points de protection d’enchantement, hors dégâts contournant l’invulnérabilité.","{""path"": ""data/attuned/enchantment/feather_step.json"", ""line_start"": 1, ""line_end"": 50}"
attuned:focus,Concentration,Traits d’armure,5,#attuned:helmets,"[""head""]",,"Efficacité de minage : +0,35 × L à l’attribut.","{""path"": ""data/attuned/enchantment/focus.json"", ""line_start"": 1, ""line_end"": 35}"
attuned:forged_shot,Tir forgé,Maîtrises et spécialisations,5,#minecraft:enchantable/bow,"[""mainhand""]",,"Dégâts de flèches : +0,25 × L ; accélération du projectile (voir note de version).","{""path"": ""data/attuned/enchantment/forged_shot.json"", ""line_start"": 1, ""line_end"": 50}"
attuned:guardian_legacy,Héritage abyssal,Exploits et vétérans,1,#attuned:history_weapons,"[""mainhand""]",,"Dégâts contre #attuned:guardian_family : +1,5.","{""path"": ""data/attuned/enchantment/guardian_legacy.json"", ""line_start"": 1, ""line_end"": 42}"
attuned:harvest,Moisson,Savoirs de la bibliothèque,5,"[""minecraft:wooden_hoe"", ""minecraft:stone_hoe"", ""minecraft:iron_hoe"", ""minecraft:iron_hoe"", ""minecraft:golden_hoe"", ""minecraft:diamond_hoe"", ""minecraft:netherite_hoe""]","[""mainhand""]",,"Efficacité de minage : +2 × L ; portée d’interaction avec les blocs : +0,5 × L bloc.","{""path"": ""data/attuned/enchantment/harvest.json"", ""line_start"": 1, ""line_end"": 53}"
attuned:harvest_veteran,Cultivateur éprouvé,Exploits et vétérans,1,#attuned:hoes,"[""mainhand""]",,Vitesse de casse : +5 % de la valeur de base.,"{""path"": ""data/attuned/enchantment/harvest_veteran.json"", ""line_start"": 1, ""line_end"": 35}"
attuned:history_imprint,Empreinte d’histoire,Marqueurs,1,#attuned:history_imprint_compatible,"[""any""]",,Marqueur d’histoire ; aucun effet natif dans son JSON.,"{""path"": ""data/attuned/enchantment/history_imprint.json"", ""line_start"": 1, ""line_end"": 23}"
attuned:impact,Impact,Savoirs de la bibliothèque,5,#minecraft:enchantable/sharp_weapon,"[""mainhand""]",,"Recul infligé : +0,5 × L.","{""path"": ""data/attuned/enchantment/impact.json"", ""line_start"": 1, ""line_end"": 35}"
attuned:infernal_edge,Lame infernale,Savoirs de la bibliothèque,5,#minecraft:enchantable/sharp_weapon,"[""mainhand""]",,Coup direct : met la victime en feu pendant 2 × L secondes.,"{""path"": ""data/attuned/enchantment/infernal_edge.json"", ""line_start"": 1, ""line_end"": 43}"
attuned:iron_mind,Esprit d’acier,Traits d’armure,5,#attuned:helmets,"[""head""]",,"Résistance au recul : +0,035 × L.","{""path"": ""data/attuned/enchantment/iron_mind.json"", ""line_start"": 1, ""line_end"": 35}"
attuned:longshot,Longue portée,Savoirs de la bibliothèque,5,#minecraft:enchantable/bow,"[""mainhand""]",#attuned:exclusive_set/bow_style,"Dégâts de flèches : +0,5 × L ; accélération du projectile (voir note de version).","{""path"": ""data/attuned/enchantment/longshot.json"", ""line_start"": 1, ""line_end"": 51}"
attuned:lumber_veteran,Bûcheron éprouvé,Exploits et vétérans,1,#attuned:axes,"[""mainhand""]",,Vitesse de casse : +5 % de la valeur de base.,"{""path"": ""data/attuned/enchantment/lumber_veteran.json"", ""line_start"": 1, ""line_end"": 35}"
attuned:lumberjack,Bûcheron,Savoirs de la bibliothèque,5,"[""minecraft:wooden_axe"", ""minecraft:stone_axe"", ""minecraft:iron_axe"", ""minecraft:iron_axe"", ""minecraft:golden_axe"", ""minecraft:diamond_axe"", ""minecraft:netherite_axe""]","[""mainhand""]",,"Efficacité de minage : +2,5 × L à l’attribut.","{""path"": ""data/attuned/enchantment/lumberjack.json"", ""line_start"": 1, ""line_end"": 43}"
attuned:miner_veteran,Mineur éprouvé,Exploits et vétérans,1,#attuned:pickaxes,"[""mainhand""]",,Vitesse de casse : +5 % de la valeur de base.,"{""path"": ""data/attuned/enchantment/miner_veteran.json"", ""line_start"": 1, ""line_end"": 35}"
attuned:momentum,Élan,Traits d’armure,5,#attuned:leggings,"[""legs""]",,"Vitesse de déplacement : +1,2 % × L, multiplicateur de la valeur totale.","{""path"": ""data/attuned/enchantment/momentum.json"", ""line_start"": 1, ""line_end"": 35}"
attuned:ranged_familiarity,Entretien,Entretien,4,"[""minecraft:bow"", ""minecraft:crossbow""]","[""mainhand""]",,Marqueur Entretien : réparation pilotée par les fonctions de familiarité ; JSON sans effet natif.,"{""path"": ""data/attuned/enchantment/ranged_familiarity.json"", ""line_start"": 1, ""line_end"": 26}"
attuned:rapid_mechanism,Mécanisme rapide,Savoirs de la bibliothèque,5,#minecraft:enchantable/crossbow,"[""mainhand"", ""offhand""]",,"Temps de chargement de l’arbalète : −0,12 × L seconde.","{""path"": ""data/attuned/enchantment/rapid_mechanism.json"", ""line_start"": 1, ""line_end"": 32}"
attuned:reach,Allonge,Savoirs de la bibliothèque,5,#minecraft:enchantable/mining,"[""mainhand""]",,"Portée d’interaction avec les blocs : +0,5 × L bloc.","{""path"": ""data/attuned/enchantment/reach.json"", ""line_start"": 1, ""line_end"": 35}"
attuned:reinforced_piercing,Perforation renforcée,Savoirs de la bibliothèque,5,#minecraft:enchantable/crossbow,"[""mainhand""]",,Perforation des projectiles : +L.,"{""path"": ""data/attuned/enchantment/reinforced_piercing.json"", ""line_start"": 1, ""line_end"": 35}"
attuned:riposte,Riposte,Savoirs de la bibliothèque,5,minecraft:shield,"[""hand""]",#attuned:exclusive_set/shield_style,En subissant une attaque : 12 / 19 / 26 / 33 / 40 % de chance d’infliger 1 à 4 dégâts d’Épines à l’attaquant.,"{""path"": ""data/attuned/enchantment/riposte.json"", ""line_start"": 1, ""line_end"": 47}"
attuned:runner,Coureur,Traits d’armure,5,#attuned:boots,"[""feet""]",,"Vitesse de déplacement : +1,5 % × L, multiplicateur de la valeur totale.","{""path"": ""data/attuned/enchantment/runner.json"", ""line_start"": 1, ""line_end"": 35}"
attuned:second_wind,Second souffle,Savoirs de la bibliothèque,5,#minecraft:enchantable/chest_armor,"[""chest""]",,"En subissant une attaque : 10 / 15 / 20 / 25 / 30 % de chance de recevoir Régénération I pendant 2 à (2 + 1,5 × (L − 1)) secondes.","{""path"": ""data/attuned/enchantment/second_wind.json"", ""line_start"": 1, ""line_end"": 52}"
attuned:shadow_step,Pas d’ombre,Traits d’armure,5,#attuned:leggings,"[""legs""]",,"Vitesse en position accroupie : +0,06 × L à l’attribut.","{""path"": ""data/attuned/enchantment/shadow_step.json"", ""line_start"": 1, ""line_end"": 35}"
attuned:shield_bastion_call,Appel du Bastion,Évolutions du bouclier,1,minecraft:shield,"[""hand""]",,"Marqueur : après un blocage, au palier IV en netherite, invoque deux golems si le délai de 20 s est terminé ; durée prévue des golems 30 s.","{""path"": ""data/attuned/enchantment/shield_bastion_call.json"", ""line_start"": 1, ""line_end"": 23}"
attuned:shield_familiarity,Entretien,Entretien,4,minecraft:shield,"[""hand""]",,Marqueur Entretien : réparation pilotée par les fonctions de familiarité ; JSON sans effet natif.,"{""path"": ""data/attuned/enchantment/shield_familiarity.json"", ""line_start"": 1, ""line_end"": 23}"
attuned:shield_living_bulwark,Rempart vivant,Évolutions du bouclier,1,minecraft:shield,"[""hand""]",,Marqueur : un blocage compté accorde Résistance I pendant 2 s.,"{""path"": ""data/attuned/enchantment/shield_living_bulwark.json"", ""line_start"": 1, ""line_end"": 23}"
attuned:shield_mastery,Maîtrise du bouclier,Maîtrises et spécialisations,4,minecraft:shield,"[""hand""]",,"Résistance au recul : +0,05 × L, en tenant le bouclier.","{""path"": ""data/attuned/enchantment/shield_mastery.json"", ""line_start"": 1, ""line_end"": 36}"
attuned:shield_quick_guard,Garde vive,Évolutions du bouclier,1,minecraft:shield,"[""hand""]",,Marqueur : un blocage compté accorde Vitesse I pendant 2 s.,"{""path"": ""data/attuned/enchantment/shield_quick_guard.json"", ""line_start"": 1, ""line_end"": 23}"
attuned:shield_tempered,Trempe défensive,Évolutions du bouclier,1,minecraft:shield,"[""hand""]",,Chaque point de dégât de durabilité a 25 % de chance d’être supprimé.,"{""path"": ""data/attuned/enchantment/shield_tempered.json"", ""line_start"": 1, ""line_end"": 32}"
attuned:shield_veteran,Gardien éprouvé,Exploits et vétérans,1,minecraft:shield,"[""hand""]",,"Résistance au recul : +0,05, en tenant le bouclier.","{""path"": ""data/attuned/enchantment/shield_veteran.json"", ""line_start"": 1, ""line_end"": 35}"
attuned:siege,Siège,Savoirs de la bibliothèque,5,#minecraft:enchantable/crossbow,"[""mainhand""]",,"Dégâts de flèches : +0,75 × L.","{""path"": ""data/attuned/enchantment/siege.json"", ""line_start"": 1, ""line_end"": 42}"
attuned:siphon,Siphon,Savoirs de la bibliothèque,5,#minecraft:enchantable/sharp_weapon,"[""mainhand""]",#attuned:exclusive_set/combat_core,Coup direct : 8 / 12 / 16 / 20 / 24 % de chance de recevoir Guérison instantanée I.,"{""path"": ""data/attuned/enchantment/siphon.json"", ""line_start"": 1, ""line_end"": 60}"
attuned:skeleton_slayer,Briseur d’os,Exploits et vétérans,1,#attuned:history_weapons,"[""mainhand""]",,Dégâts contre #attuned:skeleton_family : +2.,"{""path"": ""data/attuned/enchantment/skeleton_slayer.json"", ""line_start"": 1, ""line_end"": 42}"
attuned:stability,Stabilité,Traits d’armure,5,#attuned:leggings,"[""legs""]",,"Résistance au recul : +0,03 × L.","{""path"": ""data/attuned/enchantment/stability.json"", ""line_start"": 1, ""line_end"": 35}"
attuned:steady_hand,Main sûre,Maîtrises et spécialisations,5,#minecraft:enchantable/bow,"[""mainhand""]",,"Dégâts de flèches : +0,25 × L.","{""path"": ""data/attuned/enchantment/steady_hand.json"", ""line_start"": 1, ""line_end"": 42}"
attuned:stride,Grande foulée,Traits d’armure,5,#attuned:boots,"[""feet""]",,"Hauteur de franchissement : +0,1 × L bloc.","{""path"": ""data/attuned/enchantment/stride.json"", ""line_start"": 1, ""line_end"": 35}"
attuned:sure_foot,Pied sûr,Traits d’armure,5,#attuned:boots,"[""feet""]",,"Distance de chute sans dégâts : +0,5 × L bloc.","{""path"": ""data/attuned/enchantment/sure_foot.json"", ""line_start"": 1, ""line_end"": 35}"
attuned:tool_familiarity,Entretien,Entretien,4,#attuned:maintenance_tools,"[""mainhand""]",,Marqueur Entretien : réparation pilotée par les fonctions de familiarité ; JSON sans effet natif.,"{""path"": ""data/attuned/enchantment/tool_familiarity.json"", ""line_start"": 1, ""line_end"": 23}"
attuned:tool_mastery,Maîtrise de l’outil,Maîtrises et spécialisations,5,"[""minecraft:wooden_pickaxe"", ""minecraft:stone_pickaxe"", ""minecraft:iron_pickaxe"", ""minecraft:iron_pickaxe"", ""minecraft:diamond_pickaxe"", ""minecraft:netherite_pickaxe"", ""minecraft:wooden_axe"", ""minecraft:stone_axe"", ""minecraft:iron_axe"", ""minecraft:iron_axe"", ""minecraft:diamond_axe"", ""minecraft:netherite_axe"", ""minecraft:wooden_shovel"", ""minecraft:stone_shovel"", ""minecraft:iron_shovel"", ""minecraft:iron_shovel"", ""minecraft:diamond_shovel"", ""minecraft:netherite_shovel"", ""minecraft:wooden_hoe"", ""minecraft:stone_hoe"", ""minecraft:iron_hoe"", ""minecraft:iron_hoe"", ""minecraft:diamond_hoe"", ""minecraft:netherite_hoe""]","[""mainhand""]",,Vitesse de casse : +10 % × L de la valeur de base ; portée des blocs : +L bloc.,"{""path"": ""data/attuned/enchantment/tool_mastery.json"", ""line_start"": 1, ""line_end"": 71}"
attuned:trailblazer,Pionnier,Traits d’armure,5,#attuned:leggings,"[""legs""]",,"Efficacité de déplacement : +0,08 × L à l’attribut.","{""path"": ""data/attuned/enchantment/trailblazer.json"", ""line_start"": 1, ""line_end"": 35}"
attuned:vigilance,Vigilance,Traits d’armure,5,#attuned:helmets,"[""head""]",,"Protection contre les projectiles : +1,5 × L points de protection d’enchantement, hors dégâts contournant l’invulnérabilité.","{""path"": ""data/attuned/enchantment/vigilance.json"", ""line_start"": 1, ""line_end"": 50}"
attuned:vital_guard,Cœur gardé,Traits d’armure,5,#attuned:chestplates,"[""chest""]",,"Vie maximale : +0,5 × L point de vie (soit +0,25 × L cœur).","{""path"": ""data/attuned/enchantment/vital_guard.json"", ""line_start"": 1, ""line_end"": 35}"
attuned:volley,Volée,Savoirs de la bibliothèque,5,#minecraft:enchantable/bow,"[""mainhand""]",#attuned:exclusive_set/bow_style,Ajoute L + 1 projectiles ; ajoute 9 − L à la dispersion.,"{""path"": ""data/attuned/enchantment/volley.json"", ""line_start"": 1, ""line_end"": 48}"
attuned:wanderer,Marcheur,Traits d’armure,5,#attuned:boots,"[""feet""]",,"Efficacité de déplacement : +0,1 × L à l’attribut.","{""path"": ""data/attuned/enchantment/wanderer.json"", ""line_start"": 1, ""line_end"": 35}"
attuned:warden_legacy,Écho brisé,Exploits et vétérans,1,#attuned:history_weapons,"[""mainhand""]",,"Dégâts : +0,75.","{""path"": ""data/attuned/enchantment/warden_legacy.json"", ""line_start"": 1, ""line_end"": 35}"
attuned:weapon_familiarity,Entretien,Entretien,4,#attuned:swords,"[""mainhand""]",,"Avant 1.21.11 : dégâts de durabilité ×0,9 / 0,8 / 0,7 / 0,6. En 1.21.11 : coup direct, 6 / 9 / 12 / 15 % de chance de réparer 3 / 4 / 5 / 6 points (I à IV).","{""path"": ""data/attuned/enchantment/weapon_familiarity.json"", ""line_start"": 1, ""line_end"": 36}"
attuned:weapon_mastery,Maîtrise martiale,Maîtrises et spécialisations,5,"[""minecraft:wooden_sword"", ""minecraft:stone_sword"", ""minecraft:iron_sword"", ""minecraft:iron_sword"", ""minecraft:diamond_sword"", ""minecraft:netherite_sword""]","[""mainhand""]",,"Dégâts : +0,4 × L.","{""path"": ""data/attuned/enchantment/weapon_mastery.json"", ""line_start"": 1, ""line_end"": 43}"
attuned:wither_legacy,Héritage nécrotique,Exploits et vétérans,1,#attuned:history_weapons,"[""mainhand""]",,"Dégâts contre #attuned:wither_family : +1,5.","{""path"": ""data/attuned/enchantment/wither_legacy.json"", ""line_start"": 1, ""line_end"": 42}"
attuned:zombie_slayer,Fléau des infectés,Exploits et vétérans,1,#attuned:history_weapons,"[""mainhand""]",,Dégâts contre #attuned:zombie_family : +2.,"{""path"": ""data/attuned/enchantment/zombie_slayer.json"", ""line_start"": 1, ""line_end"": 42}"
