id,name_fr,type,pattern,ingredients_counts,durability,evolution_cap_at_craft,custom_model_data,source
attuned:bow/copper,Arc en cuivre,minecraft:crafting_shaped,"["" MS"", ""M S"", "" MS""]","{""minecraft:copper_ingot"": 3, ""minecraft:string"": 3}",512,5,10002,"{""path"": ""data/attuned/recipe/bow/copper.json"", ""line_start"": 1, ""line_end"": 50}"
attuned:bow/diamond,Arc en diamant,minecraft:crafting_shaped,"["" MS"", ""M S"", "" MS""]","{""minecraft:diamond"": 3, ""minecraft:string"": 3}",896,3,10003,"{""path"": ""data/attuned/recipe/bow/diamond.json"", ""line_start"": 1, ""line_end"": 50}"
attuned:bow/golden,Arc en or,minecraft:crafting_shaped,"["" MS"", ""M S"", "" MS""]","{""minecraft:gold_ingot"": 3, ""minecraft:string"": 3}",416,2,10004,"{""path"": ""data/attuned/recipe/bow/golden.json"", ""line_start"": 1, ""line_end"": 50}"
attuned:bow/iron,Arc en fer,minecraft:crafting_shaped,"["" MS"", ""M S"", "" MS""]","{""minecraft:iron_ingot"": 3, ""minecraft:string"": 3}",640,5,10005,"{""path"": ""data/attuned/recipe/bow/iron.json"", ""line_start"": 1, ""line_end"": 50}"
attuned:bow/netherite,Arc en netherite,minecraft:crafting_shaped,"["" MS"", ""M S"", "" MS""]","{""minecraft:netherite_ingot"": 3, ""minecraft:string"": 3}",1152,2,10006,"{""path"": ""data/attuned/recipe/bow/netherite.json"", ""line_start"": 1, ""line_end"": 50}"
attuned:bow/stone,Arc en pierre,minecraft:crafting_shaped,"["" MS"", ""M S"", "" MS""]","{""minecraft:cobblestone"": 3, ""minecraft:string"": 3}",448,5,10007,"{""path"": ""data/attuned/recipe/bow/stone.json"", ""line_start"": 1, ""line_end"": 50}"
attuned:crossbow/copper,Arbalète en cuivre,minecraft:crafting_shaped,"[""M M"", ""STS"", "" M ""]","{""minecraft:copper_ingot"": 3, ""minecraft:string"": 2, ""minecraft:tripwire_hook"": 1}",620,5,10008,"{""path"": ""data/attuned/recipe/crossbow/copper.json"", ""line_start"": 1, ""line_end"": 53}"
attuned:crossbow/diamond,Arbalète en diamant,minecraft:crafting_shaped,"[""M M"", ""STS"", "" M ""]","{""minecraft:diamond"": 3, ""minecraft:string"": 2, ""minecraft:tripwire_hook"": 1}",1050,3,10009,"{""path"": ""data/attuned/recipe/crossbow/diamond.json"", ""line_start"": 1, ""line_end"": 53}"
attuned:crossbow/golden,Arbalète en or,minecraft:crafting_shaped,"[""M M"", ""STS"", "" M ""]","{""minecraft:gold_ingot"": 3, ""minecraft:string"": 2, ""minecraft:tripwire_hook"": 1}",500,2,10010,"{""path"": ""data/attuned/recipe/crossbow/golden.json"", ""line_start"": 1, ""line_end"": 53}"
attuned:crossbow/iron,Arbalète en fer,minecraft:crafting_shaped,"[""M M"", ""STS"", "" M ""]","{""minecraft:iron_ingot"": 3, ""minecraft:string"": 2, ""minecraft:tripwire_hook"": 1}",760,5,10011,"{""path"": ""data/attuned/recipe/crossbow/iron.json"", ""line_start"": 1, ""line_end"": 53}"
attuned:crossbow/netherite,Arbalète en netherite,minecraft:crafting_shaped,"[""M M"", ""STS"", "" M ""]","{""minecraft:netherite_ingot"": 3, ""minecraft:string"": 2, ""minecraft:tripwire_hook"": 1}",1350,2,10012,"{""path"": ""data/attuned/recipe/crossbow/netherite.json"", ""line_start"": 1, ""line_end"": 53}"
attuned:crossbow/stone,Arbalète en pierre,minecraft:crafting_shaped,"[""M M"", ""STS"", "" M ""]","{""minecraft:cobblestone"": 3, ""minecraft:string"": 2, ""minecraft:tripwire_hook"": 1}",540,5,10013,"{""path"": ""data/attuned/recipe/crossbow/stone.json"", ""line_start"": 1, ""line_end"": 53}"
attuned:shield/diamond,Bouclier en diamant,minecraft:crafting_shaped,"[""DID"", ""DDD"", "" D ""]","{""minecraft:diamond"": 6, ""minecraft:iron_ingot"": 1}",850,3,10014,"{""path"": ""data/attuned/recipe/shield/diamond.json"", ""line_start"": 1, ""line_end"": 61}"
attuned:shield/iron,Bouclier en fer,minecraft:crafting_shaped,"[""IPI"", ""III"", "" I ""]","{""minecraft:iron_ingot"": 6, ""#minecraft:planks"": 1}",600,4,10015,"{""path"": ""data/attuned/recipe/shield/iron.json"", ""line_start"": 1, ""line_end"": 60}"
attuned:shield/netherite_upgrade,Amélioration du bouclier en netherite,minecraft:smithing_transform,,"{""template"": {""item"": ""minecraft:netherite_upgrade_smithing_template""}, ""base"": {""item"": ""minecraft:shield""}, ""addition"": {""item"": ""minecraft:netherite_ingot""}}",1150,,10016,"{""path"": ""data/attuned/recipe/shield/netherite_upgrade.json"", ""line_start"": 1, ""line_end"": 20}"
